,Type,Start,End,Duration,Day of Week,Budget,Currency,Clicks,Impressions,Spent,CTR,CPC,CPI,Target Age,Target Gender,Username,Email,Name,Gender,Age
0,BYU,2020-02-24,2021-08-03,526,Monday,962827,EUR,36168,500002,59939,0.07233571065715737,1.6572384428223845,0.11987752048991804,20-30,F,jamesfoley,fishernichole@gmail.com,Jeffery Mccormick,M,21
1,BYU,2019-03-18,2020-10-17,579,Monday,887625,USD,60471,499998,73742,0.12094248376993508,1.2194605678755106,0.14748458993835975,40-60,M,jamesfoley,fishernichole@gmail.com,Jeffery Mccormick,M,21
2,BYU,2020-08-02,2020-04-27,-97,Sunday,759304,USD,43063,500000,670664,0.086126,15.574019459861134,1.341328,40-50,M,jamesfoley,fishernichole@gmail.com,Jeffery Mccormick,M,21
3,KTR,2018-12-31,2020-09-02,611,Monday,166544,GBP,59646,500001,62815,0.11929176141647717,1.0531301344599806,0.1256297487405025,25-45,B,jamesfoley,fishernichole@gmail.com,Jeffery Mccormick,M,21
4,AKX,2020-11-01,2020-10-22,-10,Sunday,748641,GBP,25799,499998,578839,0.05159820639282557,22.43648978642583,1.157682630730523,35-55,F,jamesfoley,fishernichole@gmail.com,Jeffery Mccormick,M,21
5,AKX,2018-09-23,2019-07-18,298,Sunday,949250,EUR,20014,499997,482437,0.040028240169441016,24.104976516438494,0.9648797892787356,25-35,M,jamesfoley,fishernichole@gmail.com,Jeffery Mccormick,M,21
6,AKX,2019-09-07,2021-09-03,727,Saturday,186554,GBP,8018,499996,64089,0.016036128289026313,7.993140434023447,0.12817902543220347,30-35,M,jamesfoley,fishernichole@gmail.com,Jeffery Mccormick,M,21
7,GRZ,2018-05-08,2018-10-29,174,Tuesday,499446,USD,40457,500002,163250,0.08091367634529462,4.035148429196431,0.32649869400522397,30-45,M,anthonymarsh,lanceperez@russo.info,James Dillon DVM,M,78
8,GRZ,2018-08-08,2019-01-30,175,Wednesday,597660,GBP,57446,500000,2664,0.114892,0.04637398600424747,0.005328,25-30,F,anthonymarsh,lanceperez@russo.info,James Dillon DVM,M,78
9,BYU,2018-02-03,2020-02-22,749,Saturday,91477,GBP,19188,500000,53661,0.038376,2.7965916197623515,0.107322,30-35,M,anthonymarsh,lanceperez@russo.info,James Dillon DVM,M,78
10,KTR,2018-11-20,2019-05-14,175,Tuesday,199435,EUR,74826,500001,85726,0.1496517006965986,1.145671290727822,0.1714516570966858,25-45,B,klarson,wuelizabeth@salazar.com,Derek Smith,M,56
11,KTR,2019-12-14,2020-04-04,112,Saturday,765693,USD,36605,499998,164636,0.07321029284117136,4.497636934844967,0.32927331709326835,20-35,B,klarson,wuelizabeth@salazar.com,Derek Smith,M,56
12,GRZ,2018-04-16,2019-08-15,486,Monday,298136,EUR,31026,500002,82284,0.062051751792992826,2.6520982401856505,0.1645673417306331,20-30,M,klarson,wuelizabeth@salazar.com,Derek Smith,M,56
13,GRZ,2019-10-04,2020-08-07,308,Friday,315060,EUR,39486,499998,272838,0.07897231588926355,6.909740161069746,0.5456781827127308,25-45,F,klarson,wuelizabeth@salazar.com,Derek Smith,M,56
14,KTR,2020-06-01,2020-12-19,201,Monday,205041,USD,43042,500002,176870,0.08608365566537733,4.109242135588495,0.3537385850456598,30-50,B,klarson,wuelizabeth@salazar.com,Derek Smith,M,56
15,AKX,2018-11-10,2020-05-21,558,Saturday,294842,GBP,43319,500000,252115,0.086638,5.819963526397193,0.50423,35-40,F,klarson,wuelizabeth@salazar.com,Derek Smith,M,56
16,GRZ,2018-12-11,2020-09-15,644,Tuesday,829392,GBP,33282,499999,115459,0.06656413312826626,3.4691124331470466,0.23091846183692366,20-45,B,klarson,wuelizabeth@salazar.com,Derek Smith,M,56
17,KTR,2019-01-11,2021-10-03,996,Friday,300388,EUR,44142,499998,268012,0.08828435313741255,6.071587150559558,0.5360261441045764,35-50,B,klarson,wuelizabeth@salazar.com,Derek Smith,M,56
18,BYU,2019-06-28,2020-06-30,368,Friday,252768,GBP,33834,499999,117600,0.06766813533627067,3.4757935804220605,0.2352004704009408,20-35,M,eric94,lee76@hotmail.com,Mary Preston,F,53
19,KTR,2018-06-12,2020-01-21,588,Tuesday,583663,EUR,8854,500000,460575,0.017708,52.018861531511185,0.92115,20-40,F,eric94,lee76@hotmail.com,Mary Preston,F,53
20,GRZ,2019-07-10,2019-03-11,-121,Wednesday,921694,GBP,22601,499997,307716,0.045202271213627285,13.615149772133977,0.6154356926141556,25-35,F,eric94,lee76@hotmail.com,Mary Preston,F,53
21,BYU,2019-03-05,2021-02-25,723,Tuesday,289869,EUR,41229,499998,289364,0.08245832983331933,7.018457881588202,0.5787303149212597,20-35,M,eric94,lee76@hotmail.com,Mary Preston,F,53
22,KTR,2019-09-22,2021-09-21,730,Sunday,690529,USD,21276,499995,380564,0.04255242552425524,17.887008836247414,0.7611356113561135,20-35,M,eric94,lee76@hotmail.com,Mary Preston,F,53
23,BYU,2020-11-02,2021-08-21,292,Monday,874446,USD,46364,500000,86892,0.092728,1.8741264774393926,0.173784,35-40,F,eric94,lee76@hotmail.com,Mary Preston,F,53
24,AKX,2018-03-07,2018-11-27,265,Wednesday,931503,EUR,9216,499996,810350,0.018432147457179658,87.92860243055556,1.6207129657037256,45-50,B,eric94,lee76@hotmail.com,Mary Preston,F,53
25,GRZ,2019-01-23,2020-02-06,379,Wednesday,433872,USD,34526,500000,28125,0.069052,0.8146034872270174,0.05625,35-60,M,skelly,chavezjustin@gmail.com,Mrs. Stephanie Perez,F,29
26,GRZ,2019-08-19,2020-03-19,213,Monday,269759,GBP,4030,500002,49725,0.00805996776012896,12.338709677419354,0.0994496022015912,20-35,M,skelly,chavezjustin@gmail.com,Mrs. Stephanie Perez,F,29
27,GRZ,2019-01-15,2019-10-11,269,Tuesday,277117,GBP,24605,499999,252924,0.04921009842019684,10.279374110953059,0.5058490116980234,40-60,B,brendaalvarez,pamela79@hotmail.com,Thomas Moore,M,31
28,AKX,2019-05-11,2020-06-10,396,Saturday,918301,GBP,10882,500001,582045,0.021763956472087054,53.48695092813821,1.1640876718246564,30-50,M,brendaalvarez,pamela79@hotmail.com,Thomas Moore,M,31
29,KTR,2019-03-20,2019-01-06,-73,Wednesday,850780,GBP,26690,499997,782226,0.05338032028192169,29.30783064818284,1.5644613867683206,40-60,F,brendaalvarez,pamela79@hotmail.com,Thomas Moore,M,31
30,BYU,2020-01-29,2021-10-01,611,Wednesday,169096,EUR,24786,500000,73595,0.049572,2.969216493181635,0.14719,25-35,M,brendaalvarez,pamela79@hotmail.com,Thomas Moore,M,31
31,GRZ,2019-03-18,2019-11-19,246,Monday,508054,GBP,16808,500001,393394,0.03361593276813447,23.40516420752023,0.7867864264271471,20-25,B,brendaalvarez,pamela79@hotmail.com,Thomas Moore,M,31
32,KTR,2019-08-14,2020-04-22,252,Wednesday,910796,USD,38308,499999,113413,0.07661615323230646,2.9605565417145243,0.2268264536529073,20-35,B,brendaalvarez,pamela79@hotmail.com,Thomas Moore,M,31
33,GRZ,2019-10-28,2021-07-04,615,Monday,802397,USD,35231,499995,336917,0.07046270462704628,9.563083647923703,0.6738407384073841,35-55,B,brendaalvarez,pamela79@hotmail.com,Thomas Moore,M,31
34,KTR,2019-03-23,2020-02-07,321,Saturday,654014,USD,32208,499997,49047,0.06441638649831899,1.5228204172876305,0.09809458856753141,25-35,B,megan05,josemcmillan@hotmail.com,Robyn Russell,F,81
35,GRZ,2019-11-05,2021-11-02,728,Tuesday,268693,USD,46938,500000,169096,0.093876,3.6025395202181603,0.338192,20-40,F,megan05,josemcmillan@hotmail.com,Robyn Russell,F,81
36,GRZ,2019-12-10,2020-08-23,257,Tuesday,422844,GBP,37372,500000,70801,0.074744,1.8944932034678368,0.141602,30-40,F,megan05,josemcmillan@hotmail.com,Robyn Russell,F,81
37,BYU,2019-04-14,2019-12-06,236,Sunday,821380,USD,54438,500003,685772,0.10887534674791952,12.597303354274588,1.3715357707853753,20-35,B,megan05,josemcmillan@hotmail.com,Robyn Russell,F,81
38,GRZ,2018-03-07,2018-12-31,299,Wednesday,632265,USD,43075,500002,499604,0.0861496554013784,11.59846778874057,0.9992040031839873,30-50,B,megan05,josemcmillan@hotmail.com,Robyn Russell,F,81
39,BYU,2020-01-28,2020-10-31,277,Tuesday,561570,USD,22162,500000,442494,0.044324,19.96633877808862,0.884988,25-35,M,megan05,josemcmillan@hotmail.com,Robyn Russell,F,81
40,BYU,2018-04-08,2019-03-31,357,Sunday,692947,EUR,34323,500001,397476,0.06864586270827458,11.580456253823966,0.7949504100991798,25-45,F,megan05,josemcmillan@hotmail.com,Robyn Russell,F,81
41,BYU,2018-10-08,2018-09-21,-17,Monday,542385,USD,45689,500003,215223,0.09137745173528959,4.710608680426361,0.430443417339496,35-45,B,megan05,josemcmillan@hotmail.com,Robyn Russell,F,81
42,GRZ,2018-11-29,2020-10-15,686,Thursday,847866,EUR,46694,499999,512805,0.09338818677637355,10.982246112990962,1.0256120512241025,35-60,F,xkidd,kathleen66@gmail.com,Susan Herrera,F,67
43,GRZ,2019-12-10,2020-06-16,189,Tuesday,880548,EUR,27277,500002,825800,0.054553781784872864,30.27459031418411,1.6515933936264255,20-35,F,xkidd,kathleen66@gmail.com,Susan Herrera,F,67
44,AKX,2019-04-27,2019-12-31,248,Saturday,806926,USD,25346,499997,717302,0.050692304153824926,28.300402430363764,1.434612607675646,35-50,B,xkidd,kathleen66@gmail.com,Susan Herrera,F,67
45,AKX,2019-08-03,2020-07-11,343,Saturday,862425,GBP,14529,499998,607417,0.02905811623246493,41.80721315988712,1.2148388593554373,35-55,F,garrisonchristopher,frios@yahoo.com,Sarah Wilson,F,24
46,GRZ,2019-10-23,2020-04-18,178,Wednesday,378332,EUR,10431,499999,4490,0.020862041724083447,0.43044770395935195,0.00898001796003592,40-60,F,garrisonchristopher,frios@yahoo.com,Sarah Wilson,F,24
47,KTR,2018-12-06,2019-01-31,56,Thursday,575708,USD,11824,500000,239158,0.023648,20.22648849797023,0.478316,35-45,F,garrisonchristopher,frios@yahoo.com,Sarah Wilson,F,24
48,BYU,2018-01-04,2018-07-31,208,Thursday,97251,GBP,46676,499998,81872,0.09335237340949364,1.7540491901619677,0.16374465497861992,40-60,M,garrisonchristopher,frios@yahoo.com,Sarah Wilson,F,24
49,KTR,2019-09-14,2020-06-07,267,Saturday,183232,EUR,84530,500000,137212,0.16906,1.623234354666982,0.274424,35-55,B,garrisonchristopher,frios@yahoo.com,Sarah Wilson,F,24
50,AKX,2020-02-14,2020-02-17,3,Friday,834288,EUR,53386,500000,181414,0.106772,3.3981568201401116,0.362828,20-25,B,wwong,steven54@hotmail.com,Whitney Jones,F,57
51,BYU,2018-02-05,2020-04-17,802,Monday,770700,EUR,53036,499999,691147,0.10607221214442429,13.031657741911154,1.3822967645935291,45-55,F,wwong,steven54@hotmail.com,Whitney Jones,F,57
52,GRZ,2018-06-06,2019-10-10,491,Wednesday,888814,EUR,27955,500001,179593,0.05590988818022364,6.424360579502772,0.35918528162943675,30-50,B,wwong,steven54@hotmail.com,Whitney Jones,F,57
53,BYU,2019-02-16,2019-11-18,275,Saturday,441613,EUR,43722,499997,394499,0.087444524667148,9.02289465257765,0.7890027340164041,30-50,B,wwong,steven54@hotmail.com,Whitney Jones,F,57
54,KTR,2018-05-09,2020-01-20,621,Wednesday,53371,USD,46496,499998,9762,0.09299237196948788,0.20995354439091535,0.019524078096312385,40-60,F,wwong,steven54@hotmail.com,Whitney Jones,F,57
55,AKX,2019-06-09,2021-01-22,593,Sunday,120819,EUR,77162,499996,86238,0.1543252346018768,1.1176226640055986,0.17247737981903855,40-50,M,wwong,steven54@hotmail.com,Whitney Jones,F,57
56,KTR,2019-10-12,2020-01-24,104,Saturday,787554,USD,32272,499998,709780,0.06454425817703272,21.9936787307883,1.419565678262713,35-55,B,wwong,steven54@hotmail.com,Whitney Jones,F,57
57,GRZ,2018-05-31,2018-08-22,83,Thursday,163524,USD,31361,499998,18725,0.06272225088900356,0.5970791747712126,0.0374501498005992,35-45,B,wwong,steven54@hotmail.com,Whitney Jones,F,57
58,AKX,2019-10-07,2020-06-08,245,Monday,200036,EUR,23219,500002,179526,0.046437814248743006,7.7318575304707355,0.3590505637977448,25-30,M,orodriguez,steven10@walker-anderson.biz,Patrick Thompson,M,32
59,AKX,2020-11-01,2021-04-22,172,Sunday,670800,GBP,9696,499994,195976,0.01939223270679248,20.212046204620464,0.39195670348044176,25-40,M,orodriguez,steven10@walker-anderson.biz,Patrick Thompson,M,32
60,AKX,2018-09-10,2020-12-05,817,Monday,382490,EUR,24026,499995,290924,0.04805248052480525,12.108715558145343,0.5818538185381854,25-40,F,orodriguez,steven10@walker-anderson.biz,Patrick Thompson,M,32
61,KTR,2019-05-08,2020-10-15,526,Wednesday,579669,USD,75467,499998,45333,0.15093460373841494,0.6006996435528111,0.09066636266545067,45-55,F,orodriguez,steven10@walker-anderson.biz,Patrick Thompson,M,32
62,GRZ,2019-12-30,2021-01-08,375,Monday,482753,EUR,21206,500001,79696,0.04241191517616965,3.758181646703763,0.15939168121663758,35-40,B,orodriguez,steven10@walker-anderson.biz,Patrick Thompson,M,32
63,KTR,2019-08-16,2021-09-03,749,Friday,53582,GBP,47900,500001,14024,0.0957998084003832,0.292776617954071,0.02804794390411219,40-45,F,orodriguez,steven10@walker-anderson.biz,Patrick Thompson,M,32
64,KTR,2018-11-15,2019-05-19,185,Thursday,673250,USD,2401,500000,395689,0.004802,164.80174927113703,0.791378,20-40,B,orodriguez,steven10@walker-anderson.biz,Patrick Thompson,M,32
65,AKX,2018-05-17,2020-08-04,810,Thursday,678876,EUR,62177,500000,10698,0.124354,0.17205719156601315,0.021396,45-65,F,brownandrew,dayparker@nguyen.com,Bryan Hughes,M,28
66,GRZ,2019-08-04,2020-02-10,190,Sunday,516068,USD,31258,500001,411070,0.06251587496825006,13.150873376415637,0.8221383557232885,40-50,M,brownandrew,dayparker@nguyen.com,Bryan Hughes,M,28
67,GRZ,2020-01-26,2021-03-07,406,Sunday,765025,GBP,15984,500001,663502,0.03196793606412787,41.51038538538538,1.327001345997308,20-30,M,brownandrew,dayparker@nguyen.com,Bryan Hughes,M,28
68,BYU,2019-06-27,2019-11-23,149,Thursday,731140,GBP,60595,500000,89055,0.12119,1.4696757158181368,0.17811,30-55,F,brownandrew,dayparker@nguyen.com,Bryan Hughes,M,28
69,AKX,2018-10-27,2019-09-27,335,Saturday,21097,USD,33962,499995,17261,0.06792467924679246,0.5082445085684,0.03452234522345223,35-55,M,gjones,kristen20@gmail.com,Rhonda Nichols,F,70
70,GRZ,2020-03-01,2020-11-27,271,Sunday,700362,EUR,28256,499998,621689,0.0565122260489042,22.002017270668176,1.2433829735318942,35-45,F,gjones,kristen20@gmail.com,Rhonda Nichols,F,70
71,GRZ,2019-03-12,2021-07-25,866,Tuesday,93321,EUR,32162,500001,91184,0.0643238713522573,2.83514706796841,0.18236763526472946,40-55,B,gjones,kristen20@gmail.com,Rhonda Nichols,F,70
72,AKX,2019-11-29,2020-08-17,262,Friday,644856,EUR,34582,500001,543116,0.06916386167227666,15.705164536464057,1.086229827540345,25-50,M,gjones,kristen20@gmail.com,Rhonda Nichols,F,70
73,BYU,2019-02-17,2019-07-25,158,Sunday,381422,USD,28581,500000,209472,0.057162,7.329064763304293,0.418944,40-55,F,thomasrobert,luis68@goodwin-jones.org,Jordan Rogers,M,80
74,AKX,2019-12-11,2020-06-10,182,Wednesday,670013,EUR,47866,499997,428264,0.09573257439544637,8.94714411064221,0.8565331391988352,35-40,F,thomasrobert,luis68@goodwin-jones.org,Jordan Rogers,M,80
75,KTR,2019-07-17,2020-06-07,326,Wednesday,60636,EUR,15619,499998,4520,0.03123812495249981,0.2893911261924579,0.00904003616014464,35-55,M,kimscott,david93@gmail.com,Bradley Kim,M,28
76,BYU,2019-01-04,2020-11-17,683,Friday,477447,GBP,81663,500001,356754,0.1633256733486533,4.368612468314904,0.713506572986854,35-60,F,kimscott,david93@gmail.com,Bradley Kim,M,28
77,KTR,2018-12-06,2018-10-16,-51,Thursday,695053,GBP,88290,499999,339981,0.17658035316070633,3.8507305470608224,0.6799633599267199,40-60,F,kimscott,david93@gmail.com,Bradley Kim,M,28
78,BYU,2019-08-11,2020-07-18,342,Sunday,820716,GBP,68731,499998,232076,0.1374625498501994,3.376584074144127,0.46415385661542646,25-45,B,michael59,tiffany78@evans-lee.biz,Brittany Spencer,F,84
79,AKX,2020-08-01,2020-04-14,-109,Saturday,273284,EUR,33888,500000,229154,0.067776,6.762098677998112,0.458308,35-45,B,michael59,tiffany78@evans-lee.biz,Brittany Spencer,F,84
80,KTR,2019-09-12,2020-11-07,422,Thursday,434032,GBP,37581,499997,381796,0.07516245097470585,10.159282616215641,0.7635965815794895,35-50,B,nancy63,joseph03@jones-reese.com,Linda Wright,F,51
81,KTR,2019-01-31,2020-01-16,350,Thursday,271628,EUR,4387,499998,108445,0.008774035096140385,24.7196261682243,0.21689086756347026,40-50,M,nancy63,joseph03@jones-reese.com,Linda Wright,F,51
82,AKX,2019-12-28,2020-01-03,6,Saturday,320103,EUR,17584,499997,14544,0.03516821100926606,0.827115559599636,0.029088174529047175,35-40,F,nancy63,joseph03@jones-reese.com,Linda Wright,F,51
83,AKX,2019-09-01,2019-12-15,105,Sunday,350675,GBP,27174,499999,166434,0.054348108696217395,6.124751600794878,0.3328686657373315,25-30,F,nwilliams,loriwebster@gmail.com,Emily Rangel,F,78
84,KTR,2018-11-03,2018-08-18,-77,Saturday,726306,USD,22029,499997,624085,0.044058264349586096,28.33015570384493,1.2481774890649344,40-55,F,nwilliams,loriwebster@gmail.com,Emily Rangel,F,78
85,BYU,2018-08-12,2020-04-12,609,Sunday,19471,USD,24245,499999,10672,0.04849009698019396,0.4401732315941431,0.021344042688085377,30-40,M,nwilliams,loriwebster@gmail.com,Emily Rangel,F,78
86,AKX,2019-05-15,2020-02-23,284,Wednesday,628826,GBP,7085,499998,386815,0.01417005668022672,54.596330275229356,0.7736330945323782,40-45,M,nwilliams,loriwebster@gmail.com,Emily Rangel,F,78
87,BYU,2018-10-31,2019-02-20,112,Wednesday,400101,EUR,77689,499998,217782,0.15537862151448606,2.803253999922769,0.43556574226296907,40-60,M,nwilliams,loriwebster@gmail.com,Emily Rangel,F,78
88,KTR,2018-08-09,2020-01-31,540,Thursday,476669,USD,66989,500000,54998,0.133978,0.8210004627625431,0.109996,40-45,M,nwilliams,loriwebster@gmail.com,Emily Rangel,F,78
89,KTR,2019-08-02,2019-03-12,-143,Friday,620801,GBP,69030,500001,166313,0.13805972388055224,2.409285817760394,0.3326253347493305,45-55,B,nwilliams,loriwebster@gmail.com,Emily Rangel,F,78
90,BYU,2018-11-06,2019-04-18,163,Tuesday,95246,GBP,40407,499999,54900,0.08081416162832325,1.358675477021308,0.1098002196004392,40-45,F,randyhughes,hannahburton@hotmail.com,Alicia Martin,F,68
91,KTR,2019-11-09,2020-05-01,174,Saturday,433953,GBP,61630,500000,233440,0.12326,3.7877656985234465,0.46688,45-65,F,randyhughes,hannahburton@hotmail.com,Alicia Martin,F,68
92,KTR,2018-02-03,2018-08-19,197,Saturday,196125,USD,83050,500003,89893,0.16609900340597955,1.082396146899458,0.17978492129047224,25-30,F,randyhughes,hannahburton@hotmail.com,Alicia Martin,F,68
93,AKX,2019-11-30,2020-05-29,181,Saturday,767571,GBP,35415,499997,349592,0.07083042498254989,9.871297472822251,0.6991881951291707,25-45,B,randyhughes,hannahburton@hotmail.com,Alicia Martin,F,68
94,GRZ,2019-09-15,2021-04-14,577,Sunday,740808,GBP,17464,500000,16362,0.034928,0.9368987631699496,0.032724,20-30,F,randyhughes,hannahburton@hotmail.com,Alicia Martin,F,68
95,AKX,2018-04-29,2018-08-22,115,Sunday,125875,GBP,79391,499999,94111,0.15878231756463512,1.1854114446221864,0.1882223764447529,40-60,M,randyhughes,hannahburton@hotmail.com,Alicia Martin,F,68
96,KTR,2018-05-26,2020-02-14,629,Saturday,733071,USD,33312,500003,690285,0.06662360025839845,20.72181195965418,1.3805617166297002,40-50,F,atkinsonjustin,sabrina15@bryant.com,Daniel Graham,M,87
97,KTR,2019-10-15,2021-03-06,508,Tuesday,19022,GBP,30667,499998,17833,0.06133424533698135,0.5815045488635993,0.03566614266457066,35-40,M,atkinsonjustin,sabrina15@bryant.com,Daniel Graham,M,87
98,AKX,2018-03-20,2018-08-27,160,Tuesday,734370,GBP,40760,499997,275858,0.08152048912293473,6.7678606476938175,0.5517193103158619,25-40,B,teresapatterson,angeldiaz@gmail.com,Susan White,F,61
99,GRZ,2019-07-03,2020-02-24,236,Wednesday,16569,GBP,65408,500001,13725,0.13081573836852325,0.20983671722113503,0.0274499451001098,40-60,M,teresapatterson,angeldiaz@gmail.com,Susan White,F,61
100,GRZ,2018-06-15,2020-01-02,566,Friday,982922,EUR,78762,500003,628936,0.15752305486167084,7.985272085523476,1.2578644528132832,20-35,F,teresapatterson,angeldiaz@gmail.com,Susan White,F,61
101,BYU,2019-01-14,2020-09-28,623,Monday,76467,GBP,28406,499999,60825,0.05681211362422725,2.14127297049919,0.1216502433004866,40-50,M,teresapatterson,angeldiaz@gmail.com,Susan White,F,61
102,GRZ,2020-01-18,2020-05-07,110,Saturday,898431,GBP,64676,500001,57328,0.12935174129651741,0.8863875316964562,0.11465577068845863,30-40,B,teresapatterson,angeldiaz@gmail.com,Susan White,F,61
103,GRZ,2020-02-19,2020-09-24,218,Wednesday,811526,EUR,30519,499997,656338,0.06103836623019738,21.505881581965333,1.3126838761032567,30-50,F,teresapatterson,angeldiaz@gmail.com,Susan White,F,61
104,GRZ,2018-07-27,2020-02-15,568,Friday,998991,EUR,19775,499997,409220,0.03955023730142381,20.693805309734515,0.818444910669464,40-60,F,hardingbruce,mitchellcynthia@lewis.com,Howard Williamson,M,49
105,GRZ,2018-11-04,2019-01-30,87,Sunday,430444,USD,76495,500000,301040,0.15299,3.935420615726518,0.60208,35-55,F,hardingbruce,mitchellcynthia@lewis.com,Howard Williamson,M,49
106,AKX,2018-11-10,2020-07-28,626,Saturday,614453,USD,31619,500000,557079,0.063238,17.61848888326639,1.114158,25-45,F,hardingbruce,mitchellcynthia@lewis.com,Howard Williamson,M,49
107,BYU,2018-05-18,2018-09-27,132,Friday,668412,EUR,30073,500001,632612,0.060145879708240584,21.035879360223458,1.265221469557061,25-35,M,hardingbruce,mitchellcynthia@lewis.com,Howard Williamson,M,49
108,BYU,2019-02-08,2021-05-06,818,Friday,246124,GBP,19044,499997,177486,0.038088228529371174,9.319785759294266,0.35497412984477905,35-45,M,hardingbruce,mitchellcynthia@lewis.com,Howard Williamson,M,49
109,GRZ,2018-01-08,2020-01-16,738,Monday,813509,GBP,33565,500000,174466,0.06713,5.197854908386712,0.348932,30-35,F,hardingbruce,mitchellcynthia@lewis.com,Howard Williamson,M,49
110,KTR,2019-05-16,2019-12-25,223,Thursday,395663,GBP,37672,499999,13613,0.07534415068830137,0.361355914206838,0.027226054452108905,30-50,M,dfrost,lhuerta@yahoo.com,Emily Sanchez,F,43
111,BYU,2020-03-01,2021-10-03,581,Sunday,320281,GBP,49769,500001,61151,0.09953780092439815,1.2286965781912436,0.1223017553964892,30-40,F,dfrost,lhuerta@yahoo.com,Emily Sanchez,F,43
112,GRZ,2019-06-10,2020-05-02,327,Monday,84642,EUR,17716,499997,40465,0.03543221259327556,2.284093474825017,0.08093048558291349,25-45,F,dfrost,lhuerta@yahoo.com,Emily Sanchez,F,43
113,BYU,2018-03-16,2019-09-19,552,Friday,946436,GBP,26767,500004,676814,0.05353357173142615,25.28538872492248,1.3536171710626315,25-45,M,dfrost,lhuerta@yahoo.com,Emily Sanchez,F,43
114,GRZ,2018-03-31,2020-06-03,795,Saturday,178204,GBP,18571,499997,25720,0.03714222285333712,1.3849550374239405,0.051440308641851853,40-50,F,dfrost,lhuerta@yahoo.com,Emily Sanchez,F,43
115,BYU,2018-10-31,2020-03-07,493,Wednesday,770325,EUR,64580,499999,233519,0.12916025832051664,3.6159646949519977,0.4670389340778682,35-50,M,michael53,jennaesparza@yahoo.com,Billy Thompson,M,53
116,BYU,2018-07-13,2020-01-04,540,Friday,524985,GBP,63347,500002,384469,0.1266934932260271,6.069253476881305,0.768934924260303,40-45,B,michael53,jennaesparza@yahoo.com,Billy Thompson,M,53
117,GRZ,2019-09-11,2020-04-17,219,Wednesday,72351,USD,32141,500000,23593,0.064282,0.7340468560405712,0.047186,25-45,M,michael53,jennaesparza@yahoo.com,Billy Thompson,M,53
118,BYU,2018-12-12,2020-05-18,523,Wednesday,328255,GBP,20246,499998,257507,0.040492161968647876,12.718907438506372,0.5150160600642403,35-40,B,michael53,jennaesparza@yahoo.com,Billy Thompson,M,53
119,AKX,2018-04-03,2019-02-13,316,Tuesday,881245,GBP,48803,499997,330560,0.09760658563951384,6.773354097084195,0.6611239667438005,35-50,M,michael53,jennaesparza@yahoo.com,Billy Thompson,M,53
120,KTR,2018-10-03,2018-07-25,-70,Wednesday,797750,GBP,56426,499996,422977,0.11285290282322259,7.496136532804027,0.8459607676861415,25-35,F,michael53,jennaesparza@yahoo.com,Billy Thompson,M,53
121,GRZ,2019-02-11,2020-03-03,386,Monday,202074,USD,27495,500000,148351,0.05499,5.395562829605383,0.296702,35-55,M,fisherrobert,kaylaberry@melendez.com,Wesley Goodman,M,57
122,KTR,2019-05-22,2021-01-23,612,Wednesday,959298,GBP,27764,499998,911355,0.05552822211288845,32.82506123037027,1.8227172908691636,20-30,M,fisherrobert,kaylaberry@melendez.com,Wesley Goodman,M,57
123,KTR,2019-07-17,2020-08-23,403,Wednesday,927279,EUR,19285,500000,685025,0.03857,35.52113041223749,1.37005,40-50,F,fisherrobert,kaylaberry@melendez.com,Wesley Goodman,M,57
124,AKX,2019-03-01,2019-10-16,229,Friday,254259,USD,39129,499998,116092,0.07825831303325213,2.9669043420480974,0.23218492873971497,35-45,B,fisherrobert,kaylaberry@melendez.com,Wesley Goodman,M,57
125,GRZ,2019-06-24,2019-07-23,29,Monday,415411,USD,78597,499998,276392,0.15719462877851512,3.5165718793338168,0.5527862111448446,30-40,F,luis57,iroach@brown.com,Steven King,M,35
126,GRZ,2019-01-22,2020-09-03,590,Tuesday,499123,GBP,65242,499999,236102,0.13048426096852195,3.618865148217406,0.4722049444098888,40-60,B,luis57,iroach@brown.com,Steven King,M,35
127,BYU,2019-05-18,2019-09-20,125,Saturday,55869,EUR,16351,499999,25523,0.03270206540413081,1.560944284753226,0.051046102092204185,20-25,F,luis57,iroach@brown.com,Steven King,M,35
128,BYU,2018-08-21,2019-07-17,330,Tuesday,725734,EUR,64535,499998,90378,0.12907051628206512,1.4004493685596964,0.1807567230268921,35-50,B,luis57,iroach@brown.com,Steven King,M,35
129,KTR,2018-08-20,2019-09-25,401,Monday,923172,USD,33379,500000,249131,0.066758,7.463704724527397,0.498262,35-55,F,luis57,iroach@brown.com,Steven King,M,35
130,AKX,2019-09-21,2020-10-02,377,Saturday,96820,USD,42132,500000,90125,0.084264,2.139110414886547,0.18025,35-55,B,luis57,iroach@brown.com,Steven King,M,35
131,GRZ,2018-02-08,2018-12-13,308,Thursday,974948,EUR,76997,499997,80384,0.1539949239695438,1.043988726833513,0.16076896461378767,20-30,B,luis57,iroach@brown.com,Steven King,M,35
132,KTR,2018-11-30,2020-08-28,637,Friday,301442,GBP,55185,500002,218336,0.11036955852176591,3.9564374377095226,0.43667025331898673,20-25,F,longmichelle,sandersronald@yahoo.com,Gina Moreno,F,57
133,BYU,2018-03-11,2020-01-18,678,Sunday,952547,GBP,74897,499997,893955,0.14979489876939261,11.935791820767188,1.7879207275243651,20-25,M,longmichelle,sandersronald@yahoo.com,Gina Moreno,F,57
134,KTR,2018-04-22,2019-02-25,309,Sunday,664371,EUR,32597,500000,97090,0.065194,2.9784949535233305,0.19418,20-25,F,longmichelle,sandersronald@yahoo.com,Gina Moreno,F,57
135,BYU,2018-03-16,2020-02-03,689,Friday,191550,GBP,59177,500001,138039,0.11835376329247342,2.332646129408385,0.2760774478451043,30-40,F,longmichelle,sandersronald@yahoo.com,Gina Moreno,F,57
136,AKX,2018-10-14,2020-02-21,495,Sunday,942515,USD,40878,499998,200003,0.0817563270253081,4.89268065952346,0.40000760003040015,35-40,F,longmichelle,sandersronald@yahoo.com,Gina Moreno,F,57
137,BYU,2018-06-03,2019-07-07,399,Sunday,355839,EUR,33056,499999,102982,0.06611213222426444,3.1153799612778315,0.20596441192882387,35-60,M,longmichelle,sandersronald@yahoo.com,Gina Moreno,F,57
138,BYU,2018-01-06,2020-01-05,729,Saturday,387796,GBP,64074,499999,83382,0.12814825629651258,1.3013390766925743,0.16676433352866707,35-45,M,jenniferwatson,marissarodriguez@hotmail.com,Andrea Lee,F,44
139,GRZ,2019-08-10,2021-05-08,637,Saturday,345260,USD,93178,499999,305233,0.18635637271274544,3.2758054476378544,0.6104672209344418,40-60,M,jenniferwatson,marissarodriguez@hotmail.com,Andrea Lee,F,44
140,KTR,2019-06-24,2020-02-04,225,Monday,395861,EUR,52817,500000,19691,0.105634,0.37281557074426797,0.039382,35-45,M,jenniferwatson,marissarodriguez@hotmail.com,Andrea Lee,F,44
141,KTR,2018-04-13,2019-06-23,436,Friday,859034,GBP,59061,500001,444225,0.11812176375647249,7.521460862498095,0.8884482231035538,40-60,F,jenniferwatson,marissarodriguez@hotmail.com,Andrea Lee,F,44
142,GRZ,2018-04-17,2019-12-07,599,Tuesday,409027,GBP,27444,500002,234237,0.0548877804488782,8.535089637079142,0.4684721261114956,30-50,F,jenniferwatson,marissarodriguez@hotmail.com,Andrea Lee,F,44
143,KTR,2019-03-16,2020-08-16,519,Saturday,494114,GBP,75274,499998,409167,0.15054860219440877,5.435701570263305,0.8183372733490933,30-40,F,jenniferwatson,marissarodriguez@hotmail.com,Andrea Lee,F,44
144,BYU,2020-02-20,2021-09-02,560,Thursday,498497,USD,41031,500001,276719,0.08206183587632825,6.744144671102338,0.5534368931262138,30-45,B,jenniferwatson,marissarodriguez@hotmail.com,Andrea Lee,F,44
145,KTR,2018-08-13,2019-03-26,225,Monday,83365,EUR,81191,500001,57608,0.16238167523664954,0.7095367713170179,0.11521576956846086,30-55,M,jenniferwatson,marissarodriguez@hotmail.com,Andrea Lee,F,44
146,AKX,2019-04-23,2020-09-30,526,Tuesday,218036,USD,57537,500000,206324,0.115074,3.5859360063958845,0.412648,35-45,B,billyali,angelanderson@hotmail.com,Cory Ramirez,M,40
147,BYU,2020-02-16,2020-01-11,-36,Sunday,955638,USD,21451,500003,188381,0.04290174258954446,8.781921588737122,0.3767597394415633,20-25,F,billyali,angelanderson@hotmail.com,Cory Ramirez,M,40
148,KTR,2020-03-01,2020-02-07,-23,Sunday,195452,EUR,32656,500002,163475,0.06531173875304498,5.005971337579618,0.3269486922052312,20-30,M,billyali,angelanderson@hotmail.com,Cory Ramirez,M,40
149,AKX,2019-10-13,2020-06-14,245,Sunday,620692,GBP,45412,499996,461124,0.09082472659781278,10.154232361490354,0.9222553780430244,40-50,M,billyali,angelanderson@hotmail.com,Cory Ramirez,M,40
150,GRZ,2018-09-18,2018-09-23,5,Tuesday,494261,EUR,25685,499999,477791,0.05137010274020548,18.60194666147557,0.9555839111678224,25-40,M,billyali,angelanderson@hotmail.com,Cory Ramirez,M,40
151,BYU,2020-02-14,2021-02-05,357,Friday,531230,EUR,19022,499998,516499,0.038044152176608705,27.15271790558301,1.033002132008528,20-30,B,billyali,angelanderson@hotmail.com,Cory Ramirez,M,40
152,BYU,2018-11-03,2019-07-13,252,Saturday,867487,EUR,18169,500001,499872,0.03633792732414535,27.512356211128846,0.9997420005159989,20-30,B,billyali,angelanderson@hotmail.com,Cory Ramirez,M,40
153,KTR,2018-08-17,2019-03-05,200,Friday,404925,GBP,28985,499999,394836,0.05797011594023188,13.622080386406763,0.7896735793471586,20-30,B,awilliams,joneal@gmail.com,Sergio Moon,M,58
154,AKX,2020-01-22,2020-10-24,276,Wednesday,145796,USD,39489,499997,38139,0.07897847387084322,0.9658132644533921,0.07627845767074602,35-55,F,awilliams,joneal@gmail.com,Sergio Moon,M,58
155,AKX,2018-06-21,2019-02-26,250,Thursday,610540,USD,35279,500003,260765,0.07055757665454007,7.391507695796366,0.5215268708387749,35-60,B,awilliams,joneal@gmail.com,Sergio Moon,M,58
156,BYU,2019-06-03,2020-05-09,341,Monday,777243,EUR,86724,499997,232168,0.17344904069424416,2.677090540104239,0.4643387860327162,40-55,M,jennadecker,bwright@brown.net,Scott Gentry,M,30
157,AKX,2019-12-22,2020-12-09,353,Sunday,216270,EUR,16890,500001,113998,0.03377993244013512,6.749437537004145,0.22799554400891198,40-45,M,jennadecker,bwright@brown.net,Scott Gentry,M,30
158,GRZ,2020-02-14,2020-06-10,117,Friday,673315,EUR,65971,500000,134111,0.131942,2.032878082793955,0.268222,25-40,B,jennadecker,bwright@brown.net,Scott Gentry,M,30
159,KTR,2020-01-23,2021-04-05,438,Thursday,84851,EUR,63935,500003,69867,0.1278692327846033,1.0927817314459998,0.1397331616010304,20-30,B,jennadecker,bwright@brown.net,Scott Gentry,M,30
160,BYU,2018-08-11,2019-10-25,440,Saturday,839571,EUR,29344,500002,140796,0.058687765248939004,4.798118865866957,0.2815908736365055,40-55,B,jennadecker,bwright@brown.net,Scott Gentry,M,30
161,GRZ,2020-01-21,2020-12-02,316,Tuesday,187391,USD,5973,499998,136462,0.011946047784191137,22.846475807801774,0.27292509170036683,40-60,M,jennadecker,bwright@brown.net,Scott Gentry,M,30
162,AKX,2019-10-23,2020-05-05,195,Wednesday,815007,EUR,11961,500003,392277,0.023921856468861188,32.79633809882117,0.7845492927042438,40-45,F,jennadecker,bwright@brown.net,Scott Gentry,M,30
163,GRZ,2018-05-24,2018-07-19,56,Thursday,592906,USD,15204,500002,548294,0.030407878368486525,36.062483556958696,1.0965836136655454,35-50,B,jennadecker,bwright@brown.net,Scott Gentry,M,30
164,KTR,2018-03-16,2018-06-30,106,Friday,172585,EUR,64679,499998,53303,0.12935851743406973,0.8241160191097574,0.1066064264257057,35-40,F,uthompson,darlene19@carpenter-abbott.org,Joshua Harris,M,42
165,GRZ,2018-04-20,2018-08-20,122,Friday,755711,EUR,13970,500001,375992,0.02793994412011176,26.914244810307803,0.7519824960350079,25-30,F,uthompson,darlene19@carpenter-abbott.org,Joshua Harris,M,42
166,BYU,2019-12-21,2021-09-27,646,Saturday,794832,GBP,45076,500000,736340,0.090152,16.335522229124145,1.47268,20-40,B,uthompson,darlene19@carpenter-abbott.org,Joshua Harris,M,42
167,KTR,2018-03-11,2019-03-09,363,Sunday,618982,GBP,55581,499998,528970,0.1111624446497786,9.51710116766521,1.0579442317769272,25-35,M,uthompson,darlene19@carpenter-abbott.org,Joshua Harris,M,42
168,BYU,2018-07-06,2019-05-20,318,Friday,718300,GBP,35323,499999,420148,0.07064614129228258,11.894459700478441,0.8402976805953611,20-35,B,diazchristine,brian87@adams-martin.com,Jacob Williams,M,39
169,AKX,2019-08-16,2021-07-22,706,Friday,550625,EUR,46426,500002,296276,0.09285162859348563,6.381682677809848,0.5925496298014808,35-55,B,diazchristine,brian87@adams-martin.com,Jacob Williams,M,39
170,GRZ,2018-04-14,2018-09-05,144,Saturday,775480,USD,46940,500001,361214,0.09387981224037552,7.695227950575203,0.7224265551468897,30-45,B,diazchristine,brian87@adams-martin.com,Jacob Williams,M,39
171,AKX,2019-04-09,2020-01-03,269,Tuesday,294815,EUR,3854,500002,29295,0.007707969168123327,7.601193565127141,0.05858976564093744,20-30,M,diazchristine,brian87@adams-martin.com,Jacob Williams,M,39
172,KTR,2019-09-14,2019-10-30,46,Saturday,551265,USD,46521,500000,342410,0.093042,7.3603318931235355,0.68482,25-45,M,diazchristine,brian87@adams-martin.com,Jacob Williams,M,39
173,KTR,2018-11-15,2020-09-01,656,Thursday,12167,USD,13529,500000,7025,0.027058,0.5192549338458127,0.01405,25-35,M,diazchristine,brian87@adams-martin.com,Jacob Williams,M,39
174,AKX,2019-10-07,2019-05-09,-151,Monday,36058,EUR,18851,499998,31230,0.03770215080860324,1.6566760384064505,0.06246024984099936,25-45,M,diazchristine,brian87@adams-martin.com,Jacob Williams,M,39
175,BYU,2019-01-13,2020-11-30,687,Sunday,371354,EUR,12441,499999,54983,0.024882049764099527,4.419500040189695,0.10996621993243987,30-45,F,diazchristine,brian87@adams-martin.com,Jacob Williams,M,39
176,BYU,2019-08-08,2020-11-18,468,Thursday,678643,EUR,23026,499996,37920,0.04605236841894735,1.6468340137236168,0.07584060672485379,20-40,M,emily72,kharper@bird-collins.com,Raymond Wilson,M,19
177,AKX,2018-10-12,2019-11-01,385,Friday,354223,USD,19300,500001,271747,0.0385999228001544,14.080155440414508,0.543492913014174,30-40,B,emily72,kharper@bird-collins.com,Raymond Wilson,M,19
178,GRZ,2019-02-21,2020-07-14,509,Thursday,393716,GBP,16496,499998,198416,0.03299213196852788,12.028128031037827,0.3968335873343493,40-55,F,emily72,kharper@bird-collins.com,Raymond Wilson,M,19
179,GRZ,2019-03-04,2020-11-13,620,Monday,383916,EUR,23515,499999,224955,0.04703009406018812,9.566446948756113,0.44991089982179966,45-50,B,emily72,kharper@bird-collins.com,Raymond Wilson,M,19
180,BYU,2018-08-09,2019-08-06,362,Thursday,389736,USD,11534,499997,335906,0.023068138408830454,29.123114270851396,0.6718160308961854,35-40,F,emily72,kharper@bird-collins.com,Raymond Wilson,M,19
181,KTR,2018-12-20,2019-03-14,84,Thursday,39549,USD,59192,499999,1076,0.11838423676847354,0.01817813218002433,0.002152004304008608,20-30,B,emily72,kharper@bird-collins.com,Raymond Wilson,M,19
182,GRZ,2019-10-11,2020-09-08,333,Friday,498636,EUR,25072,500001,422131,0.050143899712200575,16.83675015954052,0.8442603114793771,40-45,B,samantha56,rlewis@fernandez.com,Jonathan Flores,M,67
183,KTR,2019-03-19,2020-12-28,650,Tuesday,273908,GBP,35605,499997,55513,0.07121042726256357,1.5591349529560454,0.11102666615999696,35-55,M,samantha56,rlewis@fernandez.com,Jonathan Flores,M,67
184,BYU,2018-05-06,2018-07-25,80,Sunday,220562,EUR,56670,499995,172247,0.11334113341133412,3.039474148579495,0.34449744497444973,40-55,F,samantha56,rlewis@fernandez.com,Jonathan Flores,M,67
185,KTR,2019-08-08,2019-10-08,61,Thursday,429161,USD,82595,499998,117782,0.16519066076264305,1.4260185241237362,0.23556494225976904,20-40,B,samantha56,rlewis@fernandez.com,Jonathan Flores,M,67
186,KTR,2018-12-06,2018-05-08,-212,Thursday,928041,EUR,29591,500002,437478,0.059181763272946906,14.784157345138725,0.8749525001899993,25-40,F,samantha56,rlewis@fernandez.com,Jonathan Flores,M,67
187,AKX,2019-11-07,2020-12-12,401,Thursday,377192,USD,23005,500000,8748,0.04601,0.3802651597478809,0.017496,20-40,B,samantha56,rlewis@fernandez.com,Jonathan Flores,M,67
188,AKX,2019-12-31,2020-08-26,239,Tuesday,16356,EUR,47677,500002,8095,0.09535361858552566,0.16978836755668353,0.016189935240259037,25-40,F,fjordan,soniamyers@yahoo.com,Ashley Snyder,F,82
189,KTR,2018-04-26,2018-12-06,224,Thursday,951797,GBP,15244,500002,55721,0.030487878048487807,3.65527420624508,0.11144155423378306,35-40,M,fjordan,soniamyers@yahoo.com,Ashley Snyder,F,82
190,AKX,2019-11-29,2021-02-24,453,Friday,673706,EUR,71562,500000,360486,0.143124,5.037394147732036,0.720972,30-35,F,owatson,thomasmarco@sanchez.com,Margaret Hancock,F,79
191,KTR,2019-08-26,2020-02-22,180,Monday,405015,GBP,53606,500001,47207,0.10721178557642885,0.8806290340633511,0.09441381117237765,25-35,B,owatson,thomasmarco@sanchez.com,Margaret Hancock,F,79
192,AKX,2018-07-21,2020-07-01,711,Saturday,869528,GBP,34794,500004,818528,0.06958744330045359,23.52497557050066,1.6370429036567709,40-45,F,owatson,thomasmarco@sanchez.com,Margaret Hancock,F,79
193,AKX,2018-03-18,2019-07-15,484,Sunday,10952,GBP,46608,500002,5643,0.09321562713749144,0.12107363542739444,0.011285954856180575,35-45,F,owatson,thomasmarco@sanchez.com,Margaret Hancock,F,79
194,AKX,2019-06-21,2021-04-16,665,Friday,115652,EUR,44841,499999,114949,0.08968217936435872,2.563479851029192,0.22989845979691959,25-45,M,owatson,thomasmarco@sanchez.com,Margaret Hancock,F,79
195,KTR,2019-07-28,2020-06-13,321,Sunday,564976,USD,30497,499996,128042,0.06099448795590365,4.198511328983178,0.2560860486883895,25-35,M,william68,joseyork@yahoo.com,Alicia Mitchell,F,33
196,BYU,2019-02-15,2020-07-01,502,Friday,646448,USD,52565,500000,134754,0.10513,2.5635689146770666,0.269508,20-40,F,william68,joseyork@yahoo.com,Alicia Mitchell,F,33
197,KTR,2019-09-03,2019-11-09,67,Tuesday,695852,USD,58356,500003,277558,0.11671129973220161,4.756288984851601,0.5551126693239841,35-40,B,william68,joseyork@yahoo.com,Alicia Mitchell,F,33
198,BYU,2018-03-17,2018-04-29,43,Saturday,861211,USD,4584,499999,504829,0.009168018336036672,110.12849040139616,1.0096600193200387,25-45,B,heatherarias,cookelizabeth@hotmail.com,Mrs. Rebecca Williams,F,29
199,KTR,2018-06-26,2019-12-24,546,Tuesday,159094,USD,61832,500002,71529,0.12366350534597861,1.1568281795833872,0.14305742777028893,30-40,B,heatherarias,cookelizabeth@hotmail.com,Mrs. Rebecca Williams,F,29
200,GRZ,2019-06-15,2019-08-27,73,Saturday,547614,USD,88739,500000,279319,0.177478,3.147646468858112,0.558638,40-50,B,jordanlaura,soliver@gmail.com,Ashley Martin,F,38
201,KTR,2018-12-31,2020-09-09,618,Monday,80670,GBP,43993,500000,57906,0.087986,1.316254858727525,0.115812,25-40,B,jordanlaura,soliver@gmail.com,Ashley Martin,F,38
202,GRZ,2018-10-04,2019-03-11,158,Thursday,394853,EUR,22300,499999,210749,0.0446000892001784,9.450627802690583,0.421498842997686,30-40,B,jordanlaura,soliver@gmail.com,Ashley Martin,F,38
203,KTR,2018-07-23,2019-01-24,185,Monday,498109,GBP,4442,500001,6937,0.008883982232035535,1.5616839261593876,0.013873972252055496,20-25,F,jordanlaura,soliver@gmail.com,Ashley Martin,F,38
204,GRZ,2018-10-23,2019-11-12,385,Tuesday,328620,USD,41754,499999,265500,0.08350816701633404,6.358672223020549,0.531001062002124,35-40,F,jordanlaura,soliver@gmail.com,Ashley Martin,F,38
205,GRZ,2018-08-24,2019-03-27,215,Friday,964427,USD,35122,499998,770640,0.0702442809771239,21.94180285860714,1.5412861651446605,20-35,M,njohnson,scott76@suarez.com,Tiffany Moore,F,64
206,GRZ,2018-08-14,2019-10-03,415,Tuesday,681038,USD,12176,500002,314329,0.024351902592389632,25.815456636005255,0.6286554853780585,25-35,M,njohnson,scott76@suarez.com,Tiffany Moore,F,64
207,AKX,2018-03-31,2018-09-28,181,Saturday,17065,USD,20212,499998,7980,0.04042416169664679,0.3948149614090639,0.015960063840255362,25-30,M,njohnson,scott76@suarez.com,Tiffany Moore,F,64
208,GRZ,2018-07-04,2019-08-09,401,Wednesday,145585,GBP,56678,500000,118340,0.113356,2.0879353541056496,0.23668,25-30,F,thomas79,ypatterson@yahoo.com,Rachel Wright,F,88
209,AKX,2018-09-20,2019-06-11,264,Thursday,538044,GBP,58890,499999,111218,0.11778023556047112,1.8885719137374766,0.22243644487288974,20-40,F,thomas79,ypatterson@yahoo.com,Rachel Wright,F,88
210,BYU,2019-09-18,2020-07-30,316,Wednesday,520177,EUR,24673,499998,342694,0.04934619738478954,13.889433794025859,0.6853907415629662,25-35,M,thomas79,ypatterson@yahoo.com,Rachel Wright,F,88
211,KTR,2018-07-09,2019-01-30,205,Monday,403790,GBP,52045,499996,79086,0.10409083272666181,1.5195696032279757,0.15817326538612309,35-60,M,thomas79,ypatterson@yahoo.com,Rachel Wright,F,88
212,KTR,2019-02-05,2020-07-18,529,Tuesday,951079,USD,28534,500000,369127,0.057068,12.93639167309175,0.738254,25-40,M,thomas79,ypatterson@yahoo.com,Rachel Wright,F,88
213,AKX,2018-11-14,2019-11-05,356,Wednesday,631043,USD,12552,499994,434652,0.02510430125161502,34.62810707456979,0.8693144317731812,20-30,B,thomas79,ypatterson@yahoo.com,Rachel Wright,F,88
214,GRZ,2018-11-12,2019-09-13,305,Monday,974347,EUR,17604,499997,795941,0.0352082112492675,45.21364462622131,1.5918915513493082,20-40,M,thomas79,ypatterson@yahoo.com,Rachel Wright,F,88
215,AKX,2019-01-10,2020-11-05,665,Thursday,697959,EUR,27569,500002,382972,0.05513777944888221,13.891399760600674,0.765940936236255,20-40,B,thomas79,ypatterson@yahoo.com,Rachel Wright,F,88
216,AKX,2019-02-06,2019-08-18,193,Wednesday,862891,USD,14766,500004,494883,0.029531763745890033,33.51503453880537,0.9897580819353445,25-45,F,pmcfarland,jennifer65@garcia.com,Eric Brown,M,38
217,AKX,2019-06-09,2021-01-19,590,Sunday,502047,USD,26159,499997,142038,0.05231831390988346,5.42979471692343,0.2840777044662268,40-50,B,pmcfarland,jennifer65@garcia.com,Eric Brown,M,38
218,GRZ,2018-06-30,2020-03-14,623,Saturday,659554,GBP,22565,499997,497527,0.04513027078162469,22.048615111898958,0.9950599703598222,25-30,M,pmcfarland,jennifer65@garcia.com,Eric Brown,M,38
219,KTR,2020-08-02,2020-07-28,-5,Sunday,681713,USD,15595,500000,490273,0.03119,31.43783263866624,0.980546,20-40,B,pmcfarland,jennifer65@garcia.com,Eric Brown,M,38
220,AKX,2019-01-08,2019-09-30,265,Tuesday,149361,USD,30983,500001,135455,0.06196587606824786,4.371913630055191,0.27090945818108364,30-40,B,amber69,georgejohnson@rodriguez.com,Whitney Peterson,F,88
221,KTR,2018-07-12,2019-05-05,297,Thursday,881928,USD,75576,500000,58120,0.151152,0.7690272044035144,0.11624,45-50,F,amber69,georgejohnson@rodriguez.com,Whitney Peterson,F,88
222,GRZ,2018-08-22,2019-05-08,259,Wednesday,987751,EUR,42467,499999,458948,0.08493416986833974,10.807167918619163,0.9178978357956716,25-35,M,amber69,georgejohnson@rodriguez.com,Whitney Peterson,F,88
223,BYU,2019-02-26,2020-09-08,560,Tuesday,581367,EUR,83013,500001,444195,0.1660256679486641,5.35090889378772,0.8883882232235536,35-40,B,amber69,georgejohnson@rodriguez.com,Whitney Peterson,F,88
224,AKX,2020-01-29,2021-08-02,551,Wednesday,577106,USD,12175,499999,220064,0.0243500487000974,18.075071868583162,0.44012888025776054,40-55,B,amber69,georgejohnson@rodriguez.com,Whitney Peterson,F,88
225,GRZ,2019-10-02,2020-12-26,451,Wednesday,6930,GBP,46021,500001,164,0.09204181591636816,0.003563590534755872,0.000327999344001312,40-45,B,beckchristine,fletcherjames@jones-conner.com,Patrick Levine,M,30
226,AKX,2018-06-26,2018-11-25,152,Tuesday,481079,GBP,16073,499999,278331,0.03214606429212859,17.316680146830087,0.5566631133262266,30-45,F,beckchristine,fletcherjames@jones-conner.com,Patrick Levine,M,30
227,GRZ,2019-06-01,2019-10-16,137,Saturday,947108,EUR,14663,500001,749271,0.029325941348117304,51.09943394939644,1.498539002921994,30-40,M,beckchristine,fletcherjames@jones-conner.com,Patrick Levine,M,30
228,BYU,2019-10-23,2021-08-28,675,Wednesday,290881,USD,26377,499998,50455,0.05275421101684407,1.9128407324563066,0.10091040364161456,40-55,F,beckchristine,fletcherjames@jones-conner.com,Patrick Levine,M,30
229,GRZ,2019-02-12,2020-01-21,343,Tuesday,78639,GBP,16221,499998,3102,0.032442129768519075,0.19123358609210284,0.006204024816099264,25-35,M,beckchristine,fletcherjames@jones-conner.com,Patrick Levine,M,30
230,BYU,2018-06-11,2019-11-27,534,Monday,896621,EUR,16182,500001,38821,0.032363935272129454,2.3990236064763315,0.07764184471631057,35-45,F,beckchristine,fletcherjames@jones-conner.com,Patrick Levine,M,30
231,AKX,2018-09-18,2019-11-22,430,Tuesday,339966,USD,30584,499999,297964,0.06116812233624467,9.742479727962333,0.5959291918583837,40-50,B,beckchristine,fletcherjames@jones-conner.com,Patrick Levine,M,30
232,KTR,2019-01-10,2020-06-27,534,Thursday,380859,EUR,45780,499999,190205,0.09156018312036623,4.154761904761905,0.38041076082152164,25-40,M,beckchristine,fletcherjames@jones-conner.com,Patrick Levine,M,30
233,GRZ,2019-11-20,2021-06-06,564,Wednesday,222649,EUR,79938,500000,125641,0.159876,1.5717305912081863,0.251282,35-40,F,cathywolf,teresa07@grimes.com,Mark Torres,M,62
234,GRZ,2018-10-10,2020-10-04,725,Wednesday,662608,USD,24888,499998,14930,0.04977619910479642,0.5998874959819993,0.029860119440477763,20-25,B,cathywolf,teresa07@grimes.com,Mark Torres,M,62
235,KTR,2018-10-18,2020-08-27,679,Thursday,933307,GBP,18267,499998,338542,0.036534146136584546,18.532982974763236,0.6770867083468334,30-35,M,cathywolf,teresa07@grimes.com,Mark Torres,M,62
236,KTR,2018-12-06,2020-02-21,442,Thursday,480586,GBP,77309,500004,139587,0.15461676306589547,1.805572443053202,0.279171766625867,25-30,B,cathywolf,teresa07@grimes.com,Mark Torres,M,62
237,GRZ,2018-10-10,2019-12-19,435,Wednesday,265912,USD,20254,500002,155949,0.040507837968648125,7.699664263849116,0.31189675241299036,25-35,B,matthewwright,collinsjessica@lee-sullivan.com,Jeremy Bryant,M,81
238,BYU,2019-04-20,2020-09-22,521,Saturday,389372,GBP,45230,499999,56229,0.09046018092036184,1.2431793057705063,0.11245822491644983,30-45,M,matthewwright,collinsjessica@lee-sullivan.com,Jeremy Bryant,M,81
239,GRZ,2019-08-17,2021-04-06,598,Saturday,276914,GBP,3617,499999,237107,0.007234014468028936,65.55349737351396,0.47421494842989687,35-55,M,matthewwright,collinsjessica@lee-sullivan.com,Jeremy Bryant,M,81
240,GRZ,2020-02-01,2020-08-10,191,Saturday,225680,USD,47079,500001,17703,0.09415781168437663,0.3760275281972854,0.03540592918814162,25-35,B,matthewwright,collinsjessica@lee-sullivan.com,Jeremy Bryant,M,81
241,AKX,2018-05-16,2019-10-20,522,Wednesday,920505,USD,50193,500002,53794,0.10038559845760617,1.0717430717430718,0.1075875696497214,35-55,F,matthewwright,collinsjessica@lee-sullivan.com,Jeremy Bryant,M,81
242,AKX,2019-03-26,2020-06-04,436,Tuesday,170538,GBP,95271,499998,66881,0.19054276217104868,0.7020079562511152,0.1337625350501402,40-45,M,matthewwright,collinsjessica@lee-sullivan.com,Jeremy Bryant,M,81
243,BYU,2020-12-02,2021-08-03,244,Wednesday,822278,USD,25217,500000,257568,0.050434,10.214061942340484,0.515136,45-55,B,matthewwright,collinsjessica@lee-sullivan.com,Jeremy Bryant,M,81
244,KTR,2019-03-17,2019-08-17,153,Sunday,506890,EUR,52531,499999,295650,0.10506221012442025,5.628105309245969,0.5913011826023652,35-40,F,matthewwright,collinsjessica@lee-sullivan.com,Jeremy Bryant,M,81
245,BYU,2019-03-02,2020-12-02,641,Saturday,229225,GBP,39928,499998,219252,0.0798563194252777,5.491184131436586,0.4385057540230161,30-50,M,ywu,kristinhill@yahoo.com,Ethan Romero,M,62
246,KTR,2019-04-29,2020-06-24,422,Monday,136281,EUR,9130,499999,121913,0.01826003652007304,13.35301204819277,0.2438264876529753,40-50,B,ywu,kristinhill@yahoo.com,Ethan Romero,M,62
247,KTR,2018-05-25,2018-02-09,-105,Friday,869217,GBP,58333,499998,695153,0.11666646666586666,11.916976668438105,1.3903115612462449,25-40,M,ywu,kristinhill@yahoo.com,Ethan Romero,M,62
248,BYU,2019-01-29,2020-12-30,701,Tuesday,790171,EUR,23806,500000,56992,0.047612,2.394018314710577,0.113984,40-65,B,vpowell,bradysteven@hotmail.com,Melinda King,F,82
249,BYU,2018-09-30,2019-10-27,392,Sunday,563650,EUR,64976,499997,137520,0.1299527797166783,2.116473774932283,0.2750416502499015,30-35,F,vpowell,bradysteven@hotmail.com,Melinda King,F,82
250,BYU,2018-05-25,2019-01-10,230,Friday,928709,EUR,33345,500001,707340,0.06668986662026676,21.212775528565004,1.4146771706456587,25-45,M,vpowell,bradysteven@hotmail.com,Melinda King,F,82
251,AKX,2018-06-17,2020-09-02,808,Sunday,844737,GBP,54543,500002,168005,0.10908556365774537,3.0802302770291328,0.33600865596537616,20-35,B,vpowell,bradysteven@hotmail.com,Melinda King,F,82
252,KTR,2020-06-01,2020-05-07,-25,Monday,959083,USD,38738,499998,486309,0.07747630990523963,12.553797304971862,0.972621890487562,30-55,B,cmeyers,shaun60@edwards-stanley.info,Mary Diaz,F,88
253,KTR,2018-10-11,2019-04-27,198,Thursday,562644,GBP,40133,500000,383306,0.080266,9.550893279844518,0.766612,30-50,M,cmeyers,shaun60@edwards-stanley.info,Mary Diaz,F,88
254,GRZ,2018-10-16,2019-01-09,85,Tuesday,401454,USD,34056,500003,159525,0.06811159133045201,4.684196617336152,0.31904808571148574,45-55,F,cmeyers,shaun60@edwards-stanley.info,Mary Diaz,F,88
255,KTR,2018-08-23,2020-01-15,510,Thursday,900263,EUR,11363,499998,459655,0.022726090904363616,40.45190530669718,0.919313677254709,25-45,M,cmeyers,shaun60@edwards-stanley.info,Mary Diaz,F,88
256,AKX,2018-07-31,2020-04-17,626,Tuesday,583549,EUR,58235,500001,420631,0.11646976706046588,7.222993045419421,0.841260317479365,25-35,B,cmeyers,shaun60@edwards-stanley.info,Mary Diaz,F,88
257,BYU,2020-10-01,2020-12-28,88,Thursday,331691,USD,35356,499997,180687,0.07071242427454565,5.1105045819662855,0.3613761682570095,20-30,B,cmeyers,shaun60@edwards-stanley.info,Mary Diaz,F,88
258,BYU,2019-06-21,2019-12-18,180,Friday,579468,GBP,36443,500002,204716,0.07288570845716617,5.617429959114233,0.4094303622785509,25-30,M,cmeyers,shaun60@edwards-stanley.info,Mary Diaz,F,88
259,KTR,2018-07-30,2019-11-28,486,Monday,967765,EUR,12205,499998,155950,0.024410097640390562,12.777550184350677,0.31190124760499044,30-40,B,cmeyers,shaun60@edwards-stanley.info,Mary Diaz,F,88
260,AKX,2018-10-26,2019-08-13,291,Friday,169428,USD,71244,499999,118388,0.14248828497656996,1.6617258997248892,0.2367764735529471,25-50,B,qray,john53@williams.com,Alexis Rocha,F,58
261,BYU,2019-07-27,2019-12-28,154,Saturday,481111,USD,9525,499999,433224,0.0190500381000762,45.48283464566929,0.8664497328994658,20-30,M,qray,john53@williams.com,Alexis Rocha,F,58
262,AKX,2019-03-30,2020-01-05,281,Saturday,664591,GBP,65591,499998,626550,0.13118252473009892,9.55237761278224,1.2531050124200498,25-40,B,qray,john53@williams.com,Alexis Rocha,F,58
263,GRZ,2019-06-20,2019-12-22,185,Thursday,918975,EUR,65831,499998,514181,0.1316625266501066,7.810621135938995,1.028366113464454,35-50,F,qray,john53@williams.com,Alexis Rocha,F,58
264,AKX,2020-02-20,2021-09-28,586,Thursday,717501,USD,32231,499998,22348,0.0644622578490314,0.6933697372095188,0.044696178784715136,30-35,M,hhensley,timothy26@farmer.com,Jessica Jackson,F,83
265,BYU,2018-03-09,2018-09-26,201,Friday,792972,GBP,31485,500000,183359,0.06297,5.823693822455137,0.366718,30-35,M,hhensley,timothy26@farmer.com,Jessica Jackson,F,83
266,AKX,2018-01-03,2018-12-04,335,Wednesday,450264,USD,12965,500001,327961,0.025929948140103718,25.295873505591977,0.6559206881586237,25-30,F,hhensley,timothy26@farmer.com,Jessica Jackson,F,83
267,GRZ,2019-10-16,2020-09-29,349,Wednesday,542216,EUR,18415,500001,99912,0.03682992634014732,5.425576975291881,0.1998236003527993,40-65,M,lisavaldez,charlesallen@hotmail.com,Oscar Lawrence,M,79
268,GRZ,2019-06-04,2019-12-24,203,Tuesday,15255,GBP,23339,500000,3234,0.046678,0.13856634817258665,0.006468,35-45,F,lisavaldez,charlesallen@hotmail.com,Oscar Lawrence,M,79
269,KTR,2018-09-25,2019-03-06,162,Tuesday,345730,EUR,58833,500001,29700,0.11766576466847066,0.5048187241854062,0.0593998812002376,45-50,B,lisavaldez,charlesallen@hotmail.com,Oscar Lawrence,M,79
270,BYU,2019-10-26,2020-04-30,187,Saturday,68356,USD,12680,500000,28402,0.02536,2.239905362776025,0.056804,40-65,B,juan65,lpittman@gmail.com,Chad Mcneil MD,M,70
271,GRZ,2018-09-28,2020-09-19,722,Friday,444380,USD,23582,499997,390711,0.047164282985697914,16.568187600712406,0.7814266885601313,40-45,F,juan65,lpittman@gmail.com,Chad Mcneil MD,M,70
272,KTR,2019-03-21,2019-08-17,149,Thursday,579066,USD,67692,500002,345861,0.13538345846616615,5.109333451515688,0.6917192331230675,30-35,M,sarah28,griffinbeth@garza.com,Cheryl Rowe,F,88
273,KTR,2019-04-11,2020-08-13,490,Thursday,632894,EUR,27849,499999,570313,0.05569811139622279,20.478760458185214,1.1406282812565625,20-40,B,sarah28,griffinbeth@garza.com,Cheryl Rowe,F,88
274,KTR,2020-02-17,2022-03-01,743,Monday,710487,GBP,66658,499999,319319,0.13331626663253326,4.790407753007891,0.6386392772785545,30-35,M,sarah28,griffinbeth@garza.com,Cheryl Rowe,F,88
275,BYU,2019-03-03,2020-06-04,459,Sunday,971460,EUR,63556,499999,581004,0.12711225422450845,9.141607401346844,1.162010324020648,40-55,F,sarah28,griffinbeth@garza.com,Cheryl Rowe,F,88
276,AKX,2019-03-17,2021-01-25,680,Sunday,741040,EUR,38437,500002,221025,0.07687369250522998,5.750318703332726,0.44204823180707276,20-35,M,sarah28,griffinbeth@garza.com,Cheryl Rowe,F,88
277,BYU,2020-01-19,2020-11-12,298,Sunday,490310,EUR,26870,499999,180660,0.05374010748021496,6.723483438779308,0.36132072264144527,20-40,F,sarah28,griffinbeth@garza.com,Cheryl Rowe,F,88
278,BYU,2018-05-19,2019-09-11,480,Saturday,120776,USD,85010,499998,11551,0.17002068008272034,0.1358781319844724,0.023102092408369634,30-40,F,sarah28,griffinbeth@garza.com,Cheryl Rowe,F,88
279,BYU,2019-05-08,2020-04-17,345,Wednesday,109423,EUR,6123,499998,108647,0.012246048984195937,17.744079699493714,0.2172948691794767,20-40,M,ydodson,yhill@maddox.com,Steven Baker,M,37
280,AKX,2019-01-13,2020-12-28,715,Sunday,21106,GBP,17445,499999,6947,0.03489006978013956,0.39822298652909144,0.013894027788055575,25-35,F,ydodson,yhill@maddox.com,Steven Baker,M,37
281,KTR,2018-08-20,2019-09-04,380,Monday,286989,USD,53674,500001,109964,0.10734778530442939,2.0487386816708275,0.2199275601448797,40-50,F,ydodson,yhill@maddox.com,Steven Baker,M,37
282,GRZ,2018-08-16,2018-09-15,30,Thursday,768832,EUR,34452,500002,451966,0.06890372438510246,13.118715894577964,0.9039283842864628,25-40,B,melissasilva,allendavid@jones.com,Jason Johnson DDS,M,24
283,GRZ,2018-06-15,2019-06-17,367,Friday,486555,EUR,69199,499997,104917,0.13839883039298237,1.5161635283746875,0.20983525901155406,20-30,M,melissasilva,allendavid@jones.com,Jason Johnson DDS,M,24
284,BYU,2018-09-24,2019-09-10,351,Monday,201434,EUR,44692,500001,119230,0.08938382123235754,2.6678152689519377,0.23845952308095383,35-55,M,melissasilva,allendavid@jones.com,Jason Johnson DDS,M,24
285,BYU,2019-05-29,2021-01-16,598,Wednesday,662758,USD,66101,500000,525280,0.132202,7.946627131208302,1.05056,20-30,F,williamsroger,bbender@hotmail.com,Jennifer Moore,F,76
286,KTR,2019-04-11,2020-11-21,590,Thursday,544308,GBP,24649,499999,336373,0.049298098596197194,13.646517100085196,0.672747345494691,35-55,M,williamsroger,bbender@hotmail.com,Jennifer Moore,F,76
287,AKX,2018-04-19,2019-06-15,422,Thursday,69124,GBP,16838,500001,28704,0.033675932648134704,1.7047155244090748,0.05740788518422963,20-40,M,williamsroger,bbender@hotmail.com,Jennifer Moore,F,76
288,GRZ,2018-05-06,2019-04-22,351,Sunday,728240,EUR,43561,499999,57151,0.08712217424434848,1.3119763090838135,0.11430222860445721,30-45,M,williamsroger,bbender@hotmail.com,Jennifer Moore,F,76
289,KTR,2020-02-28,2020-11-20,266,Friday,529510,GBP,58082,499998,393196,0.11616446465785864,6.769670465893047,0.7863951455805823,45-60,F,ilee,crodriguez@duke-rowland.biz,Carol Spencer,F,84
290,KTR,2018-09-17,2019-01-11,116,Monday,195138,EUR,83597,499998,120685,0.16719466877867512,1.443652284172877,0.24137096548386194,30-35,F,ilee,crodriguez@duke-rowland.biz,Carol Spencer,F,84
291,GRZ,2019-09-17,2021-02-07,509,Tuesday,18501,EUR,15111,500000,4583,0.030222,0.30328899477202037,0.009166,35-50,B,hannah71,roselori@adams-landry.biz,Kristina Delacruz,F,69
292,AKX,2019-06-04,2021-01-31,607,Tuesday,355944,EUR,42382,500000,262460,0.084764,6.192723325940258,0.52492,35-45,F,hannah71,roselori@adams-landry.biz,Kristina Delacruz,F,69
293,KTR,2019-10-01,2020-09-22,357,Tuesday,519059,GBP,14720,499996,240661,0.029440235521884173,16.349252717391305,0.48132585060680483,35-45,M,jennifer71,andradeerik@yahoo.com,Karen Sloan,F,57
294,GRZ,2019-01-22,2021-02-01,741,Tuesday,896087,USD,31669,500001,346931,0.06333787332425335,10.95490858568316,0.6938606122787755,40-50,B,jennifer71,andradeerik@yahoo.com,Karen Sloan,F,57
295,KTR,2019-08-23,2020-03-16,206,Friday,520323,USD,7119,500000,365289,0.014238,51.311841550779604,0.730578,30-45,M,jennifer71,andradeerik@yahoo.com,Karen Sloan,F,57
296,AKX,2019-04-24,2020-09-20,515,Wednesday,782155,USD,68523,500000,219625,0.137046,3.2051282051282053,0.43925,40-45,B,david60,royphillips@gmail.com,Jeffrey Harris,M,88
297,BYU,2020-11-02,2020-04-22,-194,Monday,871139,EUR,35213,499999,69695,0.0704261408522817,1.979240621361429,0.13939027878055757,25-30,B,david60,royphillips@gmail.com,Jeffrey Harris,M,88
298,GRZ,2019-10-07,2019-10-22,15,Monday,832206,EUR,43882,500003,82011,0.08776347341915948,1.8688984093705847,0.16402101587390475,20-25,B,smithdeanna,william79@marquez.com,Christine Peterson,F,62
299,GRZ,2018-04-06,2019-12-28,631,Friday,415731,USD,27766,499996,304228,0.05553244425955408,10.956853705971332,0.6084608676869415,35-60,F,smithdeanna,william79@marquez.com,Christine Peterson,F,62
300,AKX,2018-03-05,2020-04-20,777,Monday,860819,EUR,71783,499999,787265,0.14356628713257427,10.967290305504088,1.5745331490662982,30-55,B,kelliobrien,leonard36@griffith.info,Michelle Harrison,F,39
301,BYU,2018-09-17,2019-06-07,263,Monday,714921,USD,39920,499998,651145,0.07984031936127745,16.31124749498998,1.3022952091808366,20-35,M,kelliobrien,leonard36@griffith.info,Michelle Harrison,F,39
302,AKX,2018-05-06,2018-08-14,100,Sunday,195343,EUR,85500,500001,45139,0.170999658000684,0.5279415204678363,0.09027781944436111,40-45,M,kelliobrien,leonard36@griffith.info,Michelle Harrison,F,39
303,BYU,2018-07-09,2019-04-26,291,Monday,190454,EUR,20906,499999,24766,0.041812083624167246,1.1846359896680378,0.04953209906419813,35-40,F,shawnhawkins,reginaldmccall@gmail.com,Tanya Jensen,F,46
304,BYU,2019-01-08,2021-05-24,867,Tuesday,300819,EUR,15708,500000,96138,0.031416,6.120320855614973,0.192276,30-35,M,shawnhawkins,reginaldmccall@gmail.com,Tanya Jensen,F,46
305,GRZ,2018-11-18,2020-04-03,502,Sunday,777915,USD,25263,499999,353946,0.05052610105220211,14.010450065312908,0.7078934157868316,35-45,M,shawnhawkins,reginaldmccall@gmail.com,Tanya Jensen,F,46
306,BYU,2018-04-17,2018-10-20,186,Tuesday,242530,USD,91935,500001,160546,0.18386963226073547,1.746299015608854,0.3210913578172844,20-25,B,shawnhawkins,reginaldmccall@gmail.com,Tanya Jensen,F,46
307,BYU,2020-07-01,2021-01-20,203,Wednesday,382453,USD,74129,499995,143378,0.14825948259482594,1.9341688138245492,0.2867588675886759,35-40,M,whoover,ellismonica@potts.org,Richard Perez,M,84
308,BYU,2018-09-22,2019-08-14,326,Saturday,73713,USD,14409,499996,47432,0.028818230545844366,3.291831494205011,0.09486475891807135,25-35,M,whoover,ellismonica@potts.org,Richard Perez,M,84
309,AKX,2019-08-27,2020-01-12,138,Tuesday,544809,EUR,29735,499998,36182,0.05947023788095152,1.2168152009416513,0.07236428945715782,35-45,B,calvinmiller,egrant@yahoo.com,Megan Orozco,F,31
310,GRZ,2018-12-24,2020-12-10,717,Monday,114308,EUR,16402,499997,107337,0.03280419682518095,6.544140958419705,0.2146752880517283,35-40,F,calvinmiller,egrant@yahoo.com,Megan Orozco,F,31
311,BYU,2018-09-08,2019-01-26,140,Saturday,847564,GBP,41334,500000,89523,0.082668,2.165844099288721,0.179046,30-55,B,marybailey,kevingrimes@yahoo.com,Arthur Kelley,M,69
312,GRZ,2018-03-29,2019-07-12,470,Thursday,519669,EUR,66037,500001,198020,0.1320737358525283,2.9986219846449718,0.39603920792158415,25-30,B,marybailey,kevingrimes@yahoo.com,Arthur Kelley,M,69
313,KTR,2018-03-24,2018-05-24,61,Saturday,224405,USD,65009,500002,205328,0.13001747993008028,3.1584549831561786,0.41065435738257045,40-55,B,marybailey,kevingrimes@yahoo.com,Arthur Kelley,M,69
314,BYU,2019-05-13,2019-10-19,159,Monday,946330,GBP,46236,499998,847780,0.09247236988947956,18.335928713556537,1.695566782267129,20-30,M,marybailey,kevingrimes@yahoo.com,Arthur Kelley,M,69
315,KTR,2019-08-23,2021-07-14,691,Friday,312363,GBP,54645,499997,622,0.10929065574393447,0.011382560161039437,0.0012440074640447843,40-55,F,virginiaherrera,sguzman@yahoo.com,Susan Peters,F,53
316,BYU,2018-11-10,2018-10-24,-17,Saturday,180283,GBP,54674,499999,62427,0.10934821869643739,1.1418041482240187,0.12485424970849941,20-25,F,virginiaherrera,sguzman@yahoo.com,Susan Peters,F,53
317,KTR,2019-07-06,2020-02-11,220,Saturday,993677,EUR,24530,499998,259178,0.04906019624078496,10.565756216877293,0.5183580734322937,40-60,F,virginiaherrera,sguzman@yahoo.com,Susan Peters,F,53
318,KTR,2018-05-12,2020-12-07,940,Saturday,302530,GBP,34661,500003,196797,0.06932158407049557,5.677764634603733,0.3935916384501693,35-55,B,joshuaevans,ichurch@serrano.com,Nicholas Mendez,M,43
319,AKX,2019-11-23,2021-09-22,669,Saturday,739335,USD,23371,500003,694794,0.0467417195496827,29.728894784134184,1.389579662522025,40-50,M,joshuaevans,ichurch@serrano.com,Nicholas Mendez,M,43
320,KTR,2018-04-13,2019-11-03,569,Friday,777231,EUR,55842,499999,235725,0.11168422336844673,4.2212850542602345,0.4714509429018858,20-35,M,joshuaevans,ichurch@serrano.com,Nicholas Mendez,M,43
321,AKX,2018-04-11,2020-09-09,882,Wednesday,788022,USD,51310,500001,651818,0.10261979476041048,12.703527577470279,1.3036333927332144,35-50,M,joshuaevans,ichurch@serrano.com,Nicholas Mendez,M,43
322,GRZ,2019-11-21,2021-07-29,616,Thursday,399673,EUR,61790,499998,269096,0.12358049432197729,4.355008901116686,0.5381941527766111,30-45,F,joshuaevans,ichurch@serrano.com,Nicholas Mendez,M,43
323,GRZ,2019-07-04,2021-02-13,590,Thursday,703451,EUR,43741,500000,197966,0.087482,4.52586817859674,0.395932,30-45,B,joshuaevans,ichurch@serrano.com,Nicholas Mendez,M,43
324,AKX,2019-10-26,2020-03-11,137,Saturday,186363,USD,4875,499998,21698,0.009750039000156,4.450871794871795,0.04339617358469434,30-35,B,joshuaevans,ichurch@serrano.com,Nicholas Mendez,M,43
325,AKX,2019-11-16,2019-12-12,26,Saturday,875652,EUR,14364,500000,650447,0.028728,45.283138401559455,1.300894,30-45,B,joshuaevans,ichurch@serrano.com,Nicholas Mendez,M,43
326,BYU,2019-08-23,2021-06-02,649,Friday,537867,USD,57750,499997,385888,0.11550069300415802,6.68204329004329,0.7717806306837841,40-50,M,jessica92,nuneztimothy@parrish.biz,Nicole Cruz,F,89
327,BYU,2019-12-17,2021-03-31,470,Tuesday,493055,GBP,15782,500001,400233,0.031563936872126254,25.360093777721456,0.8004643990712018,45-60,B,jessica92,nuneztimothy@parrish.biz,Nicole Cruz,F,89
328,AKX,2019-01-14,2020-09-04,599,Monday,547147,GBP,49188,500005,112949,0.09837501624983751,2.2962714483207285,0.22589574104258958,30-45,M,jessica92,nuneztimothy@parrish.biz,Nicole Cruz,F,89
329,BYU,2019-01-03,2019-05-14,131,Thursday,527578,EUR,63553,499998,328931,0.12710650842603372,5.175695875883121,0.6578646314585258,25-30,M,jessica92,nuneztimothy@parrish.biz,Nicole Cruz,F,89
330,AKX,2019-08-14,2021-06-05,661,Wednesday,635187,USD,31320,500000,350591,0.06264,11.193837803320562,0.701182,35-45,M,jessica92,nuneztimothy@parrish.biz,Nicole Cruz,F,89
331,BYU,2019-03-13,2020-12-07,635,Wednesday,699514,USD,29551,500000,90203,0.059102,3.052451693682109,0.180406,35-40,M,jessica92,nuneztimothy@parrish.biz,Nicole Cruz,F,89
332,GRZ,2019-01-07,2019-07-11,185,Monday,893557,USD,16481,500000,839446,0.032962,50.93416661610339,1.678892,30-35,B,jessica92,nuneztimothy@parrish.biz,Nicole Cruz,F,89
333,GRZ,2019-01-11,2021-03-21,800,Friday,47090,EUR,36922,500000,13517,0.073844,0.36609609446942204,0.027034,30-40,B,zlee,jermainejohnson@kemp-keller.com,Alyssa Wilkinson DDS,F,55
334,AKX,2019-08-10,2020-09-07,394,Saturday,775266,EUR,40905,500000,164854,0.08181,4.030167461190564,0.329708,20-30,F,zlee,jermainejohnson@kemp-keller.com,Alyssa Wilkinson DDS,F,55
335,BYU,2019-10-22,2021-05-29,585,Tuesday,177635,GBP,41214,499998,6404,0.08242832971331886,0.15538409278400545,0.012808051232204928,20-40,M,zlee,jermainejohnson@kemp-keller.com,Alyssa Wilkinson DDS,F,55
336,KTR,2019-07-15,2021-01-03,538,Monday,41644,EUR,50376,500000,35992,0.100752,0.7144672066063205,0.071984,40-60,B,tracy13,janice63@conner-gonzales.com,Candace Wilson MD,F,50
337,GRZ,2018-03-04,2019-11-21,627,Sunday,380014,GBP,26851,499994,91157,0.05370264443173318,3.3949201147070873,0.18231618779425354,40-60,B,tracy13,janice63@conner-gonzales.com,Candace Wilson MD,F,50
338,AKX,2019-03-19,2020-06-11,450,Tuesday,679183,USD,60317,500001,325391,0.12063375873248254,5.394681433095148,0.6507806984386031,35-45,B,patrick33,stevenpeterson@cox.com,Cameron Valencia,M,45
339,GRZ,2020-02-21,2020-11-08,261,Friday,867644,GBP,30629,500004,155119,0.06125750993992048,5.064448725064481,0.3102355181158551,30-45,F,patrick33,stevenpeterson@cox.com,Cameron Valencia,M,45
340,GRZ,2019-11-10,2021-12-03,754,Sunday,286152,GBP,10444,500001,114494,0.020887958224083552,10.962657985446189,0.22898754202491595,40-45,M,patrick33,stevenpeterson@cox.com,Cameron Valencia,M,45
341,GRZ,2018-04-10,2020-06-01,783,Tuesday,941749,GBP,22168,499995,821924,0.044336443364433646,37.077047997112956,1.6438644386443864,40-55,M,patrick33,stevenpeterson@cox.com,Cameron Valencia,M,45
342,AKX,2019-10-31,2021-02-24,482,Thursday,254251,USD,60767,500003,140256,0.1215332708003752,2.308094854114898,0.28051031693809836,40-45,B,patrick33,stevenpeterson@cox.com,Cameron Valencia,M,45
343,AKX,2018-05-19,2019-11-15,545,Saturday,664487,EUR,22010,499998,95985,0.04402017608070432,4.360972285324852,0.19197076788307152,20-45,F,patrick33,stevenpeterson@cox.com,Cameron Valencia,M,45
344,AKX,2019-10-24,2021-11-05,743,Thursday,181494,GBP,57874,500002,114117,0.11574753700985196,1.9718180875695477,0.22823308706765172,40-50,M,patrick33,stevenpeterson@cox.com,Cameron Valencia,M,45
345,KTR,2020-02-20,2021-03-18,392,Thursday,771561,EUR,77620,500000,126851,0.15524,1.6342566348879155,0.253702,40-55,B,lorimitchell,andrea27@hotmail.com,Erica Peterson,F,66
346,AKX,2018-11-14,2020-12-03,750,Wednesday,756625,EUR,75909,500000,75882,0.151818,0.9996443109512706,0.151764,45-60,B,lorimitchell,andrea27@hotmail.com,Erica Peterson,F,66
347,AKX,2020-02-15,2022-12-02,1021,Saturday,509196,USD,64800,500001,105129,0.1295997408005184,1.6223611111111111,0.21025757948484103,30-45,F,lorimitchell,andrea27@hotmail.com,Erica Peterson,F,66
348,AKX,2020-01-29,2020-01-06,-23,Wednesday,639637,GBP,81263,499998,206738,0.16252665010660042,2.5440606426048755,0.41347765391061564,25-30,F,lorimitchell,andrea27@hotmail.com,Erica Peterson,F,66
349,KTR,2018-09-08,2019-11-05,423,Saturday,454119,GBP,48259,500001,281191,0.09651780696438607,5.826705899417725,0.5623808752382495,35-55,F,lorimitchell,andrea27@hotmail.com,Erica Peterson,F,66
350,GRZ,2018-03-19,2018-04-12,24,Monday,175270,EUR,26785,500000,155865,0.05357,5.819115176404704,0.31173,40-45,F,lorimitchell,andrea27@hotmail.com,Erica Peterson,F,66
351,KTR,2018-06-21,2020-02-22,611,Thursday,633270,GBP,18312,499996,552364,0.03662429299434396,30.164045434687637,1.1047368378947031,20-25,F,lorimitchell,andrea27@hotmail.com,Erica Peterson,F,66
352,GRZ,2018-06-27,2020-02-23,606,Wednesday,442348,GBP,7031,499996,203188,0.014062112496899976,28.89887640449438,0.4063792510340083,40-50,M,lorimitchell,andrea27@hotmail.com,Erica Peterson,F,66
353,BYU,2018-12-06,2018-08-20,-108,Thursday,537186,USD,78403,500000,18830,0.156806,0.24016938127367576,0.03766,35-50,B,joseph37,lwalker@gmail.com,Andrew Williams,M,88
354,AKX,2018-12-26,2019-06-26,182,Wednesday,946168,GBP,14595,499999,186072,0.02919005838011676,12.749023638232272,0.37214474428948857,30-40,F,joseph37,lwalker@gmail.com,Andrew Williams,M,88
355,AKX,2018-11-16,2020-10-01,685,Friday,604316,USD,31116,500000,158243,0.062232,5.085582979817457,0.316486,30-45,F,joseph37,lwalker@gmail.com,Andrew Williams,M,88
356,KTR,2020-01-13,2020-03-29,76,Monday,718377,USD,71156,499997,489176,0.14231285387712325,6.874697846984091,0.9783578701472209,20-30,M,joseph37,lwalker@gmail.com,Andrew Williams,M,88
357,KTR,2020-02-23,2021-12-20,666,Sunday,420682,USD,25426,500004,190383,0.050851593187254504,7.48772909620074,0.3807629538963688,25-35,B,delliott,elizabeth41@hotmail.com,Renee Gomez,F,64
358,GRZ,2018-11-16,2019-07-04,230,Friday,53264,GBP,70889,499999,28933,0.1417782835565671,0.40814512829917193,0.057866115732231466,30-35,B,delliott,elizabeth41@hotmail.com,Renee Gomez,F,64
359,GRZ,2019-04-05,2019-09-06,154,Friday,532458,EUR,9866,499995,17074,0.01973219732197322,1.7305899047232922,0.034148341483414835,35-45,F,delliott,elizabeth41@hotmail.com,Renee Gomez,F,64
360,AKX,2019-09-25,2021-05-13,596,Wednesday,464428,GBP,8030,499998,369367,0.016060064240256963,45.99838107098381,0.7387369549478198,30-45,F,delliott,elizabeth41@hotmail.com,Renee Gomez,F,64
361,GRZ,2018-04-25,2018-09-29,157,Wednesday,229865,GBP,22423,499999,11563,0.04484608969217938,0.5156758685278509,0.023126046252092504,40-60,M,delliott,elizabeth41@hotmail.com,Renee Gomez,F,64
362,BYU,2019-09-14,2021-01-03,477,Saturday,271451,EUR,19156,499999,67976,0.03831207662415325,3.54854875756943,0.13595227190454381,20-40,F,delliott,elizabeth41@hotmail.com,Renee Gomez,F,64
363,KTR,2019-08-16,2019-10-16,61,Friday,865686,EUR,65214,500003,366920,0.1304272174366954,5.6263992394271165,0.7338355969864181,30-45,F,kleinjames,nicolemurphy@yahoo.com,Caleb Mcdonald,M,34
364,GRZ,2018-04-24,2019-03-18,328,Tuesday,514518,EUR,14947,499997,435961,0.02989417936507619,29.167123837559377,0.8719272315633894,45-65,B,kleinjames,nicolemurphy@yahoo.com,Caleb Mcdonald,M,34
365,KTR,2019-08-22,2020-12-16,482,Thursday,270054,EUR,25442,499998,175755,0.050884203536814145,6.908065403663234,0.3515114060456242,30-55,M,kleinjames,nicolemurphy@yahoo.com,Caleb Mcdonald,M,34
366,GRZ,2020-09-01,2020-08-23,-9,Tuesday,710908,USD,6920,499998,173503,0.013840055360221442,25.072687861271675,0.3470073880295521,20-40,M,kleinjames,nicolemurphy@yahoo.com,Caleb Mcdonald,M,34
367,AKX,2019-12-20,2021-03-30,466,Friday,524156,GBP,54736,499998,334601,0.10947243788975156,6.112996930722011,0.6692046768187073,25-40,F,kleinjames,nicolemurphy@yahoo.com,Caleb Mcdonald,M,34
368,AKX,2018-12-25,2019-02-26,63,Tuesday,805238,EUR,86919,500001,449948,0.17383765232469536,5.176635718312451,0.8998942002115996,25-40,F,kleinjames,nicolemurphy@yahoo.com,Caleb Mcdonald,M,34
369,AKX,2019-12-17,2021-10-28,681,Tuesday,334493,GBP,42499,499998,254784,0.08499833999335997,5.9950587072637,0.5095700382801531,30-50,B,rebekah06,timothygutierrez@roth.com,Laura Gutierrez,F,39
370,KTR,2019-03-30,2020-11-18,599,Saturday,83223,EUR,15603,499998,27081,0.031206124824499297,1.7356277638915594,0.0541622166488666,25-45,B,rebekah06,timothygutierrez@roth.com,Laura Gutierrez,F,39
371,GRZ,2019-09-02,2019-03-12,-174,Monday,615299,USD,66824,500000,183480,0.133648,2.745720100562672,0.36696,20-25,M,rebekah06,timothygutierrez@roth.com,Laura Gutierrez,F,39
372,BYU,2020-01-26,2020-04-04,69,Sunday,555263,USD,20004,499997,455672,0.0400082400494403,22.779044191161766,0.9113494680968086,45-55,M,rebekah06,timothygutierrez@roth.com,Laura Gutierrez,F,39
373,BYU,2019-10-14,2020-03-22,160,Monday,567503,GBP,38299,499999,407963,0.07659815319630639,10.652053578422413,0.8159276318552637,40-55,F,rebekah06,timothygutierrez@roth.com,Laura Gutierrez,F,39
374,BYU,2019-01-31,2020-02-04,369,Thursday,876774,GBP,44045,499999,810477,0.08809017618035236,18.401112498580996,1.6209572419144838,25-40,B,rebekah06,timothygutierrez@roth.com,Laura Gutierrez,F,39
375,GRZ,2019-12-03,2020-12-18,381,Tuesday,962712,EUR,20265,500000,429224,0.04053,21.180557611645696,0.858448,40-55,F,rebekah06,timothygutierrez@roth.com,Laura Gutierrez,F,39
376,KTR,2018-08-23,2019-09-29,402,Thursday,570897,USD,59796,500001,186288,0.11959176081647836,3.11539233393538,0.3725752548494903,35-50,B,garciatimothy,tylerpage@murphy.com,Anthony Mcdonald,M,48
377,AKX,2019-05-23,2021-01-29,617,Thursday,546012,EUR,52902,499998,82756,0.10580442321769287,1.5643264904918528,0.1655126620506482,20-25,F,garciatimothy,tylerpage@murphy.com,Anthony Mcdonald,M,48
378,AKX,2018-11-22,2019-05-06,165,Thursday,230151,EUR,17472,500001,25271,0.034943930112139775,1.446371336996337,0.050541898916202165,20-30,M,garciatimothy,tylerpage@murphy.com,Anthony Mcdonald,M,48
379,GRZ,2018-07-22,2020-02-22,580,Sunday,266083,EUR,42811,499999,31050,0.08562217124434249,0.7252808857536615,0.0621001242002484,20-35,F,garciatimothy,tylerpage@murphy.com,Anthony Mcdonald,M,48
380,BYU,2018-09-13,2019-01-25,134,Thursday,458089,GBP,21296,500000,289123,0.042592,13.576399323816679,0.578246,25-35,F,garciatimothy,tylerpage@murphy.com,Anthony Mcdonald,M,48
381,BYU,2020-12-01,2020-01-30,-306,Tuesday,883935,GBP,54847,500000,59208,0.109694,1.0795120972888217,0.118416,20-35,B,garciatimothy,tylerpage@murphy.com,Anthony Mcdonald,M,48
382,BYU,2019-01-08,2021-01-23,746,Tuesday,236216,USD,21995,500000,51546,0.04399,2.3435326210502385,0.103092,40-50,B,garciatimothy,tylerpage@murphy.com,Anthony Mcdonald,M,48
383,KTR,2018-06-26,2019-03-30,277,Tuesday,966426,USD,22112,500000,798298,0.044224,36.102478292329955,1.596596,25-50,F,cherylmckinney,lisa80@gmail.com,Autumn Williams,F,63
384,AKX,2018-12-18,2020-09-30,652,Tuesday,384219,EUR,60769,499997,277920,0.1215387292323754,4.573384455890339,0.5558433350600104,25-35,B,cherylmckinney,lisa80@gmail.com,Autumn Williams,F,63
385,BYU,2019-09-27,2020-09-23,362,Friday,925434,GBP,17656,499999,168497,0.03531207062414125,9.543328047122792,0.33699467398934796,20-35,B,teresa43,hunter20@gmail.com,Kyle Sanders,M,48
386,BYU,2019-09-01,2019-07-11,-52,Sunday,257455,USD,14083,500003,255304,0.02816583100501397,18.128523752041467,0.5106049363703817,25-30,F,teresa43,hunter20@gmail.com,Kyle Sanders,M,48
387,GRZ,2018-07-17,2018-12-28,164,Tuesday,88113,EUR,45099,500002,88081,0.09019763920944317,1.953058826138052,0.1761612953548186,35-50,M,teresa43,hunter20@gmail.com,Kyle Sanders,M,48
388,GRZ,2019-05-15,2020-03-17,307,Wednesday,642550,GBP,64252,499999,507337,0.128504257008514,7.896049928406898,1.0146760293520587,35-45,F,teresa43,hunter20@gmail.com,Kyle Sanders,M,48
389,BYU,2019-05-05,2019-07-10,66,Sunday,596521,EUR,64754,500002,489288,0.1295074819700721,7.556104642184267,0.9785720857116571,20-35,F,teresa43,hunter20@gmail.com,Kyle Sanders,M,48
390,KTR,2019-11-26,2021-02-01,433,Tuesday,521622,EUR,93548,499999,27586,0.18709637419274838,0.29488604780433575,0.05517211034422069,40-55,B,teresa43,hunter20@gmail.com,Kyle Sanders,M,48
391,KTR,2018-08-20,2018-10-24,65,Monday,304417,GBP,17681,499995,205826,0.035362353623536236,11.641083649114869,0.41165611656116563,25-45,B,lawrence78,uyoung@thornton-daniel.com,Jennifer Stokes,F,70
392,AKX,2018-12-15,2020-11-02,688,Saturday,360026,GBP,62580,500000,89281,0.12516,1.426669862575903,0.178562,25-40,M,lawrence78,uyoung@thornton-daniel.com,Jennifer Stokes,F,70
393,GRZ,2018-12-28,2020-03-17,445,Friday,644683,USD,21586,500000,427700,0.043172,19.813768183081628,0.8554,25-35,M,lawrence78,uyoung@thornton-daniel.com,Jennifer Stokes,F,70
394,KTR,2018-01-12,2020-01-09,727,Friday,741164,GBP,7989,499997,709388,0.015978095868575213,88.7955939416698,1.4187845127070762,40-55,M,lawrence78,uyoung@thornton-daniel.com,Jennifer Stokes,F,70
395,KTR,2018-06-07,2020-09-03,819,Thursday,765974,EUR,48267,500000,525723,0.096534,10.891975884144447,1.051446,30-40,M,lawrence78,uyoung@thornton-daniel.com,Jennifer Stokes,F,70
396,GRZ,2019-09-14,2021-07-28,683,Saturday,333746,GBP,39754,500000,4059,0.079508,0.10210293303818484,0.008118,40-55,F,lawrence78,uyoung@thornton-daniel.com,Jennifer Stokes,F,70
397,AKX,2019-01-27,2020-08-31,582,Sunday,758687,USD,41965,500001,561573,0.08392983214033573,13.38193732872632,1.1231437537124926,30-35,F,lawsondavid,sullivancalvin@hotmail.com,Jimmy Adams,M,60
398,AKX,2019-06-04,2020-03-25,295,Tuesday,791050,GBP,14090,499999,16270,0.02818005636011272,1.1547196593328601,0.03254006508013016,20-40,F,lawsondavid,sullivancalvin@hotmail.com,Jimmy Adams,M,60
399,BYU,2018-11-22,2019-03-27,125,Thursday,428000,GBP,54664,499999,235244,0.10932821865643731,4.303453827015952,0.47048894097788196,30-35,F,lawsondavid,sullivancalvin@hotmail.com,Jimmy Adams,M,60
400,BYU,2018-10-12,2019-11-30,414,Friday,148375,USD,75738,500001,17294,0.1514756970486059,0.22833980300509651,0.03458793082413835,25-35,M,lawsondavid,sullivancalvin@hotmail.com,Jimmy Adams,M,60
401,BYU,2019-07-18,2020-04-10,267,Thursday,806305,GBP,27195,499996,405115,0.05439043512348099,14.896672182386467,0.8102364818918552,30-45,M,thompsonmelissa,garciadavid@yahoo.com,Rebecca Adams,F,75
402,BYU,2018-10-19,2019-08-19,304,Friday,175617,EUR,26105,500000,45045,0.05221,1.7255315073740662,0.09009,40-45,B,thompsonmelissa,garciadavid@yahoo.com,Rebecca Adams,F,75
403,KTR,2019-03-06,2019-11-16,255,Wednesday,766423,EUR,23818,499997,368992,0.0476362858177149,15.49214879502897,0.7379884279305676,30-50,F,thompsonmelissa,garciadavid@yahoo.com,Rebecca Adams,F,75
404,BYU,2018-04-24,2019-03-30,340,Tuesday,576339,USD,51898,500001,31620,0.10379579240841519,0.6092720336043779,0.06323987352025295,30-45,M,ejackson,banksvanessa@watson.org,Joseph Bartlett,M,34
405,KTR,2020-02-27,2020-12-27,304,Thursday,332370,USD,39907,499999,306451,0.07981415962831925,7.679128974866565,0.6129032258064516,25-45,F,ejackson,banksvanessa@watson.org,Joseph Bartlett,M,34
406,AKX,2018-03-29,2019-09-19,539,Thursday,583297,EUR,11195,499998,291778,0.02239008956035824,26.06324251898169,0.5835583342333369,25-40,B,ejackson,banksvanessa@watson.org,Joseph Bartlett,M,34
407,KTR,2020-09-01,2021-10-19,413,Tuesday,948137,GBP,59358,499996,5700,0.11871694973559789,0.09602749418780956,0.011400091200729606,30-40,F,ejackson,banksvanessa@watson.org,Joseph Bartlett,M,34
408,GRZ,2020-01-18,2020-11-30,317,Saturday,870509,GBP,47382,500000,484144,0.094764,10.217888649698198,0.968288,25-40,B,hugheswilliam,ahouston@yahoo.com,Denise Green,F,74
409,GRZ,2019-06-05,2020-09-27,480,Wednesday,363712,EUR,50785,500001,63949,0.10156979686040628,1.2592103967707,0.12789774420451158,35-55,M,hugheswilliam,ahouston@yahoo.com,Denise Green,F,74
410,GRZ,2018-02-06,2019-03-23,410,Tuesday,168200,GBP,74385,500002,122377,0.1487694049223803,1.6451838408281239,0.24475302098791604,30-45,F,hugheswilliam,ahouston@yahoo.com,Denise Green,F,74
411,GRZ,2018-10-04,2019-12-06,428,Thursday,978264,EUR,42627,500003,506732,0.08525348847906912,11.887582987308514,1.0134579192524844,35-55,F,hugheswilliam,ahouston@yahoo.com,Denise Green,F,74
412,AKX,2019-09-08,2021-07-05,666,Sunday,525089,EUR,66093,499999,220655,0.13218626437252876,3.338553250722467,0.44131088262176527,30-50,B,hugheswilliam,ahouston@yahoo.com,Denise Green,F,74
413,KTR,2019-04-04,2019-06-27,84,Thursday,885836,GBP,6758,500000,285208,0.013516,42.2030186445694,0.570416,40-45,M,hugheswilliam,ahouston@yahoo.com,Denise Green,F,74
414,BYU,2018-07-28,2020-07-17,720,Saturday,381157,EUR,42215,500002,76855,0.08442966228135088,1.820561411820443,0.15370938516245936,40-45,M,lpetty,morrischristopher@bell-cannon.com,Daniel Townsend,M,45
415,AKX,2020-02-26,2022-01-29,703,Wednesday,163588,EUR,78963,500002,110030,0.1579253682985268,1.3934374327216545,0.22005911976352094,45-60,B,lpetty,morrischristopher@bell-cannon.com,Daniel Townsend,M,45
416,GRZ,2018-05-21,2018-06-20,30,Monday,102567,USD,32662,500004,45780,0.0653234774121807,1.4016288041148735,0.0915592675258598,40-60,M,lpetty,morrischristopher@bell-cannon.com,Daniel Townsend,M,45
417,AKX,2019-03-10,2020-09-10,550,Sunday,378802,EUR,35996,499998,234567,0.07199228796915187,6.516474052672519,0.4691358765435062,25-50,F,lpetty,morrischristopher@bell-cannon.com,Daniel Townsend,M,45
418,AKX,2018-10-30,2020-07-20,629,Tuesday,902537,EUR,46674,499998,135655,0.09334837339349357,2.9064361314650555,0.271311085244341,25-40,B,lpetty,morrischristopher@bell-cannon.com,Daniel Townsend,M,45
419,KTR,2018-04-29,2019-11-17,567,Sunday,265563,GBP,18153,499998,136935,0.0363061452245809,7.543381259295984,0.27387109548438193,30-35,F,lisa55,bradley95@conway-jones.net,Stephanie Fuller,F,52
420,AKX,2019-02-11,2021-07-29,899,Monday,996834,EUR,15614,499999,84861,0.031228062456124913,5.434930190854361,0.16972233944467888,25-45,F,lisa55,bradley95@conway-jones.net,Stephanie Fuller,F,52
421,AKX,2019-08-03,2020-06-15,317,Saturday,492131,USD,1454,500000,362924,0.002908,249.60385144429162,0.725848,20-40,M,lisa55,bradley95@conway-jones.net,Stephanie Fuller,F,52
422,AKX,2018-06-19,2020-03-02,622,Tuesday,488970,EUR,63086,499999,385427,0.1261722523445047,6.109548869796785,0.7708555417110834,40-60,B,wayne78,michellewhite@anderson-allen.net,Carla Lopez,F,63
423,BYU,2018-05-12,2020-09-25,867,Saturday,755723,GBP,70129,499998,287378,0.14025856103424414,4.097848251080152,0.5747582990331961,45-55,F,wayne78,michellewhite@anderson-allen.net,Carla Lopez,F,63
424,KTR,2018-11-15,2020-04-09,511,Thursday,148415,GBP,54820,499998,86935,0.10964043856175425,1.5858263407515505,0.17387069548278192,20-40,B,wayne78,michellewhite@anderson-allen.net,Carla Lopez,F,63
425,AKX,2018-02-07,2020-02-02,725,Wednesday,918892,EUR,26400,499997,285538,0.05280031680190081,10.815833333333334,0.5710794264765588,30-45,F,wayne78,michellewhite@anderson-allen.net,Carla Lopez,F,63
426,GRZ,2018-05-05,2020-01-31,636,Saturday,927211,USD,34664,499999,44028,0.06932813865627731,1.2701361643203324,0.08805617611235222,20-35,F,wayne78,michellewhite@anderson-allen.net,Carla Lopez,F,63
427,AKX,2020-10-01,2021-10-11,375,Thursday,13245,EUR,38897,499998,2994,0.07779431117724471,0.07697251716070648,0.005988023952095809,30-40,B,wayne78,michellewhite@anderson-allen.net,Carla Lopez,F,63
428,GRZ,2019-08-13,2020-02-25,196,Tuesday,189928,EUR,56382,499997,159161,0.11276467658805953,2.822904473058778,0.31832390994345966,35-45,F,wayne78,michellewhite@anderson-allen.net,Carla Lopez,F,63
429,BYU,2019-10-23,2020-07-03,254,Wednesday,302078,USD,49551,499997,203140,0.0991025946155677,4.099614538556235,0.4062824376946262,20-30,M,wayne78,michellewhite@anderson-allen.net,Carla Lopez,F,63
430,GRZ,2019-07-28,2020-11-27,488,Sunday,524322,USD,44660,500000,33120,0.08932,0.741603224361845,0.06624,40-60,M,morriscarla,joshuabrown@merritt-taylor.info,Kayla Williams,F,32
431,AKX,2019-05-28,2020-12-15,567,Tuesday,605580,GBP,14036,500000,600639,0.028072,42.79274722143061,1.201278,35-40,M,morriscarla,joshuabrown@merritt-taylor.info,Kayla Williams,F,32
432,GRZ,2018-09-19,2020-05-28,617,Wednesday,945356,EUR,21167,500002,277992,0.042333830664677344,13.133273491756036,0.5559817760728957,40-50,M,morriscarla,joshuabrown@merritt-taylor.info,Kayla Williams,F,32
433,AKX,2020-09-01,2021-02-06,158,Tuesday,247545,USD,12285,499997,152389,0.024570147420884526,12.404477004477004,0.3047798286789721,35-45,B,morriscarla,joshuabrown@merritt-taylor.info,Kayla Williams,F,32
434,BYU,2020-01-13,2020-05-30,138,Monday,827380,USD,48925,499999,156209,0.0978501957003914,3.19282575370465,0.3124186248372497,45-65,M,matacarla,amberfrench@yahoo.com,Elaine Martinez,F,53
435,GRZ,2018-08-06,2020-02-05,548,Monday,740300,GBP,52270,499998,180537,0.10454041816167264,3.4539315094700593,0.3610754443017772,40-65,F,matacarla,amberfrench@yahoo.com,Elaine Martinez,F,53
436,BYU,2018-11-22,2020-01-09,413,Thursday,995522,EUR,65216,499996,677624,0.13043304346434773,10.390456329735034,1.3552588420707365,25-35,B,matacarla,amberfrench@yahoo.com,Elaine Martinez,F,53
437,AKX,2019-01-13,2019-03-03,49,Sunday,717725,GBP,37408,500000,43720,0.074816,1.1687339606501284,0.08744,20-25,M,yyoung,wchase@hotmail.com,Lindsey Weaver,F,22
438,BYU,2018-12-21,2020-07-07,564,Friday,604087,GBP,27682,499998,485318,0.055364221456885826,17.531897984249692,0.9706398825595303,40-55,M,yyoung,wchase@hotmail.com,Lindsey Weaver,F,22
439,AKX,2019-01-22,2020-02-22,396,Tuesday,56291,USD,57466,500001,16612,0.11493177013645972,0.28907527929558346,0.0332239335521329,40-45,F,marquezsheri,wardjohn@mays-foster.com,Sarah Wilson,F,88
440,AKX,2019-08-22,2020-02-22,184,Thursday,363782,USD,17523,500000,198252,0.035046,11.31381612737545,0.396504,35-55,F,marquezsheri,wardjohn@mays-foster.com,Sarah Wilson,F,88
441,AKX,2018-12-08,2018-09-24,-75,Saturday,155008,USD,15147,499998,127784,0.030294121176484706,8.436258004885456,0.25556902227608913,45-60,B,marquezsheri,wardjohn@mays-foster.com,Sarah Wilson,F,88
442,BYU,2019-05-06,2021-04-01,696,Monday,320993,USD,35076,499997,102057,0.07015242091452549,2.9095963051659255,0.20411522469134816,35-40,F,marquezsheri,wardjohn@mays-foster.com,Sarah Wilson,F,88
443,GRZ,2019-10-07,2021-07-04,636,Monday,541118,USD,20217,499999,131052,0.040434080868161734,6.482267398723846,0.2621045242090484,25-35,B,marquezsheri,wardjohn@mays-foster.com,Sarah Wilson,F,88
444,BYU,2019-10-28,2021-08-27,669,Monday,552134,USD,42796,499999,401322,0.08559217118434237,9.377558650341154,0.8026456052912105,20-25,M,warnertammy,hayesjohn@yahoo.com,Paul Hernandez,M,37
445,BYU,2019-11-05,2020-10-12,342,Tuesday,575493,GBP,22592,499997,34140,0.04518427110562663,1.5111543909348442,0.06828040968245809,20-40,F,warnertammy,hayesjohn@yahoo.com,Paul Hernandez,M,37
446,KTR,2019-07-16,2020-06-02,322,Tuesday,25535,USD,56636,500001,13621,0.11327177345645309,0.24050074157779505,0.027241945516108968,25-45,B,warnertammy,hayesjohn@yahoo.com,Paul Hernandez,M,37
447,KTR,2019-02-27,2019-03-26,27,Wednesday,215529,GBP,65519,500002,163276,0.1310374758500966,2.492040476808254,0.3265506937972248,25-35,M,warnertammy,hayesjohn@yahoo.com,Paul Hernandez,M,37
448,BYU,2019-10-24,2020-11-27,400,Thursday,310592,GBP,33767,499996,135702,0.0675345402763222,4.018775727781562,0.27140617124937,25-45,B,warnertammy,hayesjohn@yahoo.com,Paul Hernandez,M,37
449,GRZ,2018-03-17,2018-12-28,286,Saturday,505917,USD,46787,499997,81443,0.09357456144736868,1.7407185756727297,0.16288697732186394,25-40,B,warnertammy,hayesjohn@yahoo.com,Paul Hernandez,M,37
450,AKX,2018-01-04,2018-05-06,122,Thursday,339692,EUR,7664,499999,28806,0.015328030656061312,3.7586116910229643,0.057612115224230445,25-40,M,millsedwin,aaron78@hotmail.com,Diana Shields,F,60
451,KTR,2019-06-30,2020-05-29,334,Sunday,246800,USD,32600,499998,178347,0.0652002608010432,5.470766871165644,0.3566954267817071,20-35,M,millsedwin,aaron78@hotmail.com,Diana Shields,F,60
452,GRZ,2019-05-23,2020-01-11,233,Thursday,971653,GBP,24156,499999,191928,0.04831209662419325,7.945355191256831,0.38385676771353544,25-45,F,millsedwin,aaron78@hotmail.com,Diana Shields,F,60
453,KTR,2018-07-24,2020-02-03,559,Tuesday,736561,USD,12808,500001,531815,0.025615948768102463,41.522095565271705,1.0636278727442545,30-45,M,millsedwin,aaron78@hotmail.com,Diana Shields,F,60
454,KTR,2018-11-04,2018-04-28,-190,Sunday,318612,GBP,57533,499996,148795,0.11506692053536428,2.586254845045452,0.2975923807390459,45-55,M,millsedwin,aaron78@hotmail.com,Diana Shields,F,60
455,GRZ,2020-02-13,2020-08-17,186,Thursday,762214,USD,39724,500001,550444,0.0794478411043178,13.856711308025375,1.1008857982284035,25-30,M,millsedwin,aaron78@hotmail.com,Diana Shields,F,60
456,KTR,2019-12-24,2021-02-12,416,Tuesday,751006,USD,77577,500001,641384,0.1551536896926206,8.26770821248566,1.282765434469131,25-45,M,noah99,brownjudith@gmail.com,Mrs. Kayla Smith,F,84
457,KTR,2018-04-30,2020-04-02,703,Monday,84018,GBP,64704,499998,44673,0.12940851763407055,0.6904209940652819,0.08934635738542954,35-50,M,noah99,brownjudith@gmail.com,Mrs. Kayla Smith,F,84
458,GRZ,2018-10-31,2019-10-12,346,Wednesday,608481,USD,31220,500002,468802,0.062439750240999035,15.016079436258808,0.9376002495990016,35-55,B,noah99,brownjudith@gmail.com,Mrs. Kayla Smith,F,84
459,KTR,2019-02-25,2020-08-22,544,Monday,218534,USD,41368,499998,138078,0.08273633094532377,3.337797331270547,0.2761571046284185,20-30,F,noah99,brownjudith@gmail.com,Mrs. Kayla Smith,F,84
460,GRZ,2019-05-23,2019-11-10,171,Thursday,1929,USD,36585,500000,547,0.07317,0.014951482848161815,0.001094,45-55,M,noah99,brownjudith@gmail.com,Mrs. Kayla Smith,F,84
461,AKX,2019-08-26,2020-09-29,400,Monday,212255,GBP,15722,499998,56976,0.03144412577650311,3.6239664164864522,0.11395245580982324,20-35,F,noah99,brownjudith@gmail.com,Mrs. Kayla Smith,F,84
462,GRZ,2018-02-28,2019-07-15,502,Wednesday,260982,EUR,30739,500000,38830,0.061478,1.263216109827906,0.07766,35-40,M,noah99,brownjudith@gmail.com,Mrs. Kayla Smith,F,84
463,AKX,2019-07-15,2020-05-19,309,Monday,539639,GBP,38240,500001,42085,0.07647984704030591,1.1005491631799162,0.08416983166033667,35-55,B,noah99,brownjudith@gmail.com,Mrs. Kayla Smith,F,84
464,BYU,2018-04-15,2018-03-10,-36,Sunday,775925,GBP,39017,500002,179776,0.07803368786524854,4.607632570418023,0.3595505617977528,25-50,M,caleb38,robertbarnett@crawford.com,Thomas Wagner,M,81
465,KTR,2019-11-04,2019-06-24,-133,Monday,935248,USD,59590,500000,761902,0.11918,12.785735861721765,1.523804,25-30,B,caleb38,robertbarnett@crawford.com,Thomas Wagner,M,81
466,KTR,2019-04-16,2019-10-31,198,Tuesday,52575,GBP,66153,499999,46683,0.13230626461252923,0.7056822819826766,0.09336618673237347,30-35,F,caleb38,robertbarnett@crawford.com,Thomas Wagner,M,81
467,AKX,2018-06-14,2019-04-30,320,Thursday,211444,GBP,39960,499999,99377,0.07992015984031968,2.486911911911912,0.198754397508795,30-45,F,caleb38,robertbarnett@crawford.com,Thomas Wagner,M,81
468,GRZ,2019-01-29,2019-05-02,93,Tuesday,768755,EUR,49059,499998,297940,0.09811839247356989,6.073095660327361,0.5958823835295342,25-30,F,caleb38,robertbarnett@crawford.com,Thomas Wagner,M,81
469,GRZ,2019-11-16,2020-08-24,282,Saturday,559442,USD,30284,500001,410112,0.060567878864242274,13.542200501915202,0.8202223595552809,30-50,F,caleb38,robertbarnett@crawford.com,Thomas Wagner,M,81
470,BYU,2019-11-03,2020-04-09,158,Sunday,261968,GBP,28178,500002,75256,0.05635577457690169,2.6707360352047695,0.15051139795440818,25-50,F,caleb38,robertbarnett@crawford.com,Thomas Wagner,M,81
471,KTR,2018-12-07,2018-08-12,-117,Friday,987915,USD,28151,500001,878626,0.05630188739622521,31.211182551241517,1.757248485503029,40-60,B,caleb38,robertbarnett@crawford.com,Thomas Wagner,M,81
472,KTR,2018-03-13,2019-12-11,638,Tuesday,623096,USD,29197,499996,333557,0.05839446715573725,11.424358666986334,0.6671193369546956,40-60,F,garyrandolph,opaul@daniels.info,Jared Green,M,45
473,BYU,2018-02-06,2020-02-13,737,Tuesday,628892,EUR,16423,499996,224153,0.032846262770102164,13.648724349996955,0.44830958647669183,20-25,M,garyrandolph,opaul@daniels.info,Jared Green,M,45
474,GRZ,2019-10-19,2020-09-15,332,Saturday,474342,GBP,91523,500002,341175,0.18304526781892871,3.727751494159938,0.6823472706109176,35-45,F,garyrandolph,opaul@daniels.info,Jared Green,M,45
475,BYU,2019-11-28,2021-08-23,634,Thursday,139898,EUR,49387,500002,57421,0.09877360490558038,1.1626743879968413,0.11484154063383746,40-50,B,garyrandolph,opaul@daniels.info,Jared Green,M,45
476,BYU,2018-03-16,2018-03-29,13,Friday,883431,EUR,33811,499998,241228,0.06762227048908195,7.134601165301233,0.4824579298317193,25-40,M,garyrandolph,opaul@daniels.info,Jared Green,M,45
477,BYU,2019-11-08,2020-08-26,292,Friday,746466,USD,15936,500001,493644,0.03187193625612749,30.976656626506024,0.9872860254279492,40-50,M,garyrandolph,opaul@daniels.info,Jared Green,M,45
478,BYU,2019-08-30,2020-02-17,171,Friday,76544,EUR,14697,499997,49667,0.02939417636505819,3.379397155882153,0.09933459600757605,20-35,M,garyrandolph,opaul@daniels.info,Jared Green,M,45
479,BYU,2019-08-27,2021-08-14,718,Tuesday,460945,EUR,28065,500002,159074,0.05612977548089808,5.668056297879922,0.31814672741309036,20-35,F,brittany57,bhuff@mullins.info,Mrs. Alexis Guerrero,F,60
480,AKX,2019-08-31,2021-08-21,721,Saturday,715121,EUR,25695,499997,650473,0.05139030834185005,25.315158591165595,1.3009538057228343,25-35,M,brittany57,bhuff@mullins.info,Mrs. Alexis Guerrero,F,60
481,GRZ,2018-06-28,2018-10-28,122,Thursday,132195,GBP,25882,499998,100941,0.05176420705682823,3.900046364268604,0.2018828075312301,40-60,B,brittany57,bhuff@mullins.info,Mrs. Alexis Guerrero,F,60
